Frame;Duration;
00:00:00;1.3965;
00:00:02;5.704;
00:00:03;5.9658;
00:00:04;6.3955;
00:00:05;6.0337;
00:00:06;5.7374;
00:00:07;6.3826;
00:00:08;6.0284;
00:00:09;7.5364;
00:00:10;6.0688;
00:00:11;6.3164;
00:00:12;6.6655;
00:00:13;5.9748;
00:00:14;6.8539;
00:00:15;6.0617;
00:00:16;6.0035;
00:00:17;6.3881;
00:00:18;5.9165;
00:00:19;6.607;
00:00:20;5.9867;
00:00:21;6.5065;
00:00:22;5.9914;
00:00:23;6.0173;
00:00:24;6.4101;
00:01:00;6.3202;
00:01:01;6.0264;
00:01:02;6.0042;
00:01:03;6.077;
00:01:04;6.0828;
00:01:05;6.2742;
00:01:06;5.7565;
00:01:07;6.2275;
00:01:08;5.8966;
00:01:09;6.0485;
00:01:10;6.0856;
00:01:11;5.8599;
00:01:12;5.9361;
00:01:13;6.2309;
00:01:14;6.0771;
00:01:15;6.0868;
00:01:16;6.4366;
00:01:17;6.157;
00:01:18;6.3423;
00:01:19;6.8638;
00:01:20;5.9002;
00:01:21;6.5444;
00:01:22;6.099;
00:01:23;6.3897;
00:01:24;5.9493;
00:02:00;6.0354;
00:02:01;5.9638;
00:02:02;5.8836;
00:02:03;6.2447;
00:02:04;6.2187;
00:02:05;5.896;
00:02:06;5.7644;
00:02:07;5.8501;
00:02:08;5.9327;
00:02:09;5.8125;
00:02:10;5.8911;
00:02:11;5.7806;
00:02:12;6.0273;
00:02:13;6.0787;
00:02:14;6.682;
00:02:15;6.0057;
00:02:16;5.7705;
00:02:17;5.9881;
00:02:18;5.9194;
00:02:19;5.9967;
00:02:20;5.7785;
00:02:21;6.1782;
00:02:22;6.2264;
00:02:23;6.2589;
00:02:24;6.0361;
00:03:00;6.6131;
00:03:01;5.9626;
00:03:02;6.2051;
00:03:03;6.205;
00:03:04;6.6512;
00:03:05;6.5562;
00:03:06;5.9163;
00:03:07;6.5467;
00:03:08;5.8685;
00:03:09;6.099;
00:03:10;5.7966;
00:03:11;6.095;
00:03:12;6.1085;
00:03:13;6.2525;
00:03:14;6.2614;
00:03:15;5.8292;
00:03:16;6.1786;
00:03:17;5.9577;
00:03:18;6.1236;
00:03:19;6.1121;
00:03:20;5.8521;
00:03:21;6.2806;
00:03:22;6.2327;
00:03:23;6.2439;
00:03:24;6.0272;
00:04:00;5.7549;
00:04:01;6.4412;
00:04:02;5.8582;
00:04:03;6.3211;
00:04:04;6.0855;
00:04:05;5.7414;
00:04:06;6.1201;
00:04:07;6.0669;
00:04:08;6.2634;
00:04:09;6.3981;
00:04:10;6.0262;
00:04:11;6.8099;
00:04:12;6.0407;
00:04:13;6.0397;
00:04:14;6.4326;
00:04:15;6.0209;
00:04:16;6.3269;
00:04:17;6.1626;
00:04:18;5.9169;
00:04:19;6.3632;
00:04:20;6.0215;
00:04:21;5.9897;
00:04:22;6.1173;
00:04:23;6.067;
00:04:24;6.128;
00:07:01;5.7014;
00:07:02;5.8126;
00:07:03;5.5102;
00:07:04;5.521;
00:07:05;6.224;
00:07:06;5.7861;
00:07:07;5.845;
00:07:08;6.045;
00:07:09;5.4637;
00:07:10;5.9773;
00:07:11;6.0114;
00:07:12;5.8684;
00:07:13;6.1012;
00:07:14;5.7997;
00:07:15;6.1419;
00:07:16;5.8496;
00:07:17;5.8637;
00:07:18;5.9194;
00:07:19;5.6123;
00:07:20;6.4753;
00:07:21;5.9159;
00:07:22;6.121;
00:07:23;6.2112;
00:07:24;5.7197;
00:08:00;5.8967;
00:08:01;5.8537;
00:08:02;5.8798;
00:08:03;5.9852;
00:08:04;5.5554;
00:08:05;6.3315;
00:08:06;5.8862;
00:08:07;6.226;
00:08:08;5.71;
00:08:09;5.6514;
00:08:10;5.9951;
00:08:11;6.1243;
00:08:12;5.82;
00:08:13;5.9901;
00:08:14;5.5717;
00:08:15;5.9552;
00:08:16;6.2033;
00:08:17;5.8438;
00:08:18;6.1526;
00:08:19;5.8192;
00:08:20;8.1355;
00:08:21;6.2173;
00:08:22;5.886;
00:08:23;6.2226;
00:08:24;5.7788;
00:09:00;5.8474;
00:09:01;5.9667;
00:09:02;5.9265;
00:09:03;6.0483;
00:09:04;5.7143;
00:09:05;5.8578;
00:09:06;5.875;
00:09:07;7.1061;
00:09:08;5.8807;
00:09:09;5.5084;
00:09:10;5.632;
00:09:11;5.7813;
00:09:12;5.6454;
00:09:13;5.7953;
00:09:14;5.5691;
00:09:15;6.3306;
00:09:16;5.8602;
00:09:17;6.1889;
00:09:18;5.6518;
00:09:19;5.532;
00:09:20;6.051;
00:09:21;5.7482;
00:09:22;5.9731;
00:10:00;8.4174;
00:12:00;9.0667;
00:12:01;5.4358;
00:12:02;5.9251;
00:12:03;5.5876;
00:12:04;5.6316;
00:12:05;5.8991;
00:12:06;5.4797;
00:12:07;5.4869;
00:12:08;5.4841;
00:12:09;8.7713;
00:12:10;6.9432;
00:12:11;5.4446;
00:12:12;5.534;
00:12:13;5.4621;
00:12:14;5.7494;
00:12:15;5.9169;
00:12:16;6.0509;
00:12:17;5.5088;
00:12:18;5.5295;
00:12:19;5.6943;
00:12:20;5.4799;
00:12:21;5.546;
00:12:22;5.6443;
00:12:23;5.5748;
00:12:24;5.7053;
00:13:00;5.5811;
00:13:01;5.3013;
00:13:02;5.8548;
00:13:03;5.519;
00:13:04;5.6603;
00:13:05;5.8007;
00:13:06;5.5184;
00:13:07;5.5118;
00:13:08;5.6376;
00:13:09;5.4022;
00:13:10;5.461;
00:13:11;5.6416;
00:13:12;5.2692;
00:13:13;5.5836;
00:13:14;5.795;
00:13:15;5.4621;
00:13:16;5.4962;
00:13:17;5.7026;
00:13:18;5.5624;
00:13:19;5.6492;
00:13:20;5.6535;
00:13:21;5.4925;
00:13:22;5.3886;
00:13:23;5.4979;
00:13:24;5.474;
00:14:00;5.5738;
00:14:01;5.5579;
00:14:02;5.5027;
00:14:03;5.8121;
00:14:04;5.3167;
00:14:05;5.4691;
00:14:06;5.975;
00:14:07;5.4442;
00:14:08;5.5301;
00:14:09;5.741;
00:14:10;5.5973;
00:14:11;5.4689;
00:14:12;5.4325;
00:14:13;5.4698;
00:14:14;5.5275;
00:14:15;5.9472;
00:14:16;5.4614;
00:14:17;5.6518;
00:14:18;5.8012;
00:14:19;5.8662;
00:14:20;5.5759;
00:14:21;5.6553;
00:14:22;5.5123;
00:14:23;6.1411;
00:14:24;5.562;
00:15:00;5.6019;
00:15:01;5.5434;
00:15:02;5.3009;
00:15:03;5.473;
00:15:04;5.6571;
00:15:05;5.4641;
00:15:06;5.4032;
00:15:07;5.7364;
00:15:08;5.5967;
00:15:09;5.4742;
00:15:10;5.6198;
00:15:11;5.64;
00:15:12;5.5409;
00:15:13;5.7556;
00:15:14;5.3969;
00:15:15;5.4821;
00:15:16;5.7247;
00:15:17;5.344;
00:15:18;5.5797;
00:15:19;5.8134;
00:15:20;5.6544;
00:15:21;5.7766;
00:15:22;5.4789;
00:15:23;5.4733;
00:15:24;6.1982;
00:16:00;5.9703;
00:16:01;5.4155;
00:16:02;5.7007;
00:16:03;5.409;
00:16:04;5.4371;
00:16:05;5.6422;
00:16:06;5.4646;
00:16:07;5.2198;
00:16:08;5.5782;
00:16:09;5.4876;
00:16:10;5.4746;
00:16:11;5.6889;
00:16:12;5.3565;
00:16:13;5.4516;
00:16:14;5.8615;
00:16:15;5.6499;
00:16:16;5.2388;
00:16:17;5.6956;
00:16:18;5.4671;
00:16:19;5.4377;
00:16:20;5.5121;
00:16:21;5.1957;
00:16:22;5.4867;
00:16:23;5.6394;
00:16:24;5.4601;
00:17:00;5.573;
00:17:02;4.5433;
00:17:03;4.3398;
00:17:04;4.6588;
00:17:05;4.1582;
00:17:06;3.6709;
00:17:07;4.3734;
00:17:08;5.1079;
00:17:09;4.2722;
00:17:10;4.3559;
00:17:11;4.7787;
00:17:12;4.2359;
00:17:13;4.3127;
00:17:14;4.3434;
00:17:15;4.994;
00:17:16;3.7635;
00:17:17;4.4361;
00:17:18;4.7778;
00:17:19;5.5374;
00:17:20;3.9013;
00:17:21;4.5064;
00:17:22;5.1488;
00:17:23;4.2626;
00:17:24;4.4804;
00:18:00;4.5272;
00:18:01;4.075;
00:18:02;4.4737;
00:18:03;4.8656;
00:18:04;5.0668;
00:18:05;4.0235;
00:18:06;4.5131;
00:18:07;4.6509;
00:18:08;5.2614;
00:18:09;7.0688;
00:18:10;3.7826;
00:18:11;4.1806;
00:18:12;4.4675;
00:18:13;4.478;
00:18:14;4.7266;
00:18:15;4.465;
00:18:16;4.6251;
00:18:17;4.3063;
00:18:18;5.3024;
00:18:19;3.818;
00:18:20;4.8999;
00:18:21;4.1487;
00:18:22;5.0646;
00:18:23;3.9295;
00:18:24;4.4787;
00:19:00;5.2312;
00:19:01;4.1988;
00:19:02;4.1202;
00:19:03;4.8505;
00:19:04;4.6125;
00:19:05;4.5927;
00:19:06;4.1473;
00:19:07;5.0736;
00:19:08;4.6536;
00:19:09;4.0381;
00:19:10;4.6627;
00:19:11;4.9418;
00:19:12;5.2847;
00:19:13;4.2522;
00:19:14;5.1604;
00:19:15;4.1171;
00:19:16;4.2257;
00:19:17;4.474;
00:19:18;4.9489;
00:19:19;4.4737;
00:19:20;4.4662;
00:19:21;4.4719;
00:19:22;4.7714;
00:19:23;4.3698;
00:19:24;4.4413;
00:20:00;4.4228;
00:20:01;4.3754;
00:20:02;4.3288;
00:20:03;4.9358;
00:20:04;4.3266;
00:20:05;4.4233;
00:20:06;4.5052;
00:20:07;4.9124;
00:20:08;4.2592;
00:20:09;4.3833;
00:20:10;4.3182;
00:20:11;4.4514;
00:20:12;4.486;
00:20:13;4.4071;
00:20:14;4.7844;
00:20:15;4.3272;
00:20:16;4.6793;
00:20:17;4.275;
00:20:18;4.4404;
00:20:19;4.4074;
00:20:20;4.0806;
00:20:21;4.6341;
00:20:22;4.3824;
00:20:23;4.4787;
00:20:24;4.525;
00:21:00;4.6904;
00:21:01;5.5684;
00:21:02;4.0158;
00:21:03;4.8269;
00:21:04;4.2655;
00:21:05;3.93;
00:21:06;4.4166;
00:21:07;4.472;
00:21:08;4.9439;
00:21:09;4.6124;
00:21:10;3.9109;
00:21:11;4.5249;
00:21:12;4.6344;
00:21:13;4.476;
00:21:14;4.3136;
00:21:15;3.8675;
00:21:16;5.1175;
00:21:17;3.9061;
00:21:18;4.8495;
00:21:19;4.0554;
00:21:20;4.8778;
00:21:21;4.1766;
00:21:22;4.3215;
00:21:23;4.2647;
00:21:24;4.6253;
00:22:00;4.1886;
00:22:02;5.5946;
00:22:03;6.4199;
00:22:04;7.1707;
00:22:05;5.6398;
00:22:06;6.7639;
00:22:07;6.1928;
00:22:08;6.4523;
00:22:09;6.4773;
00:22:10;5.6961;
00:22:11;6.4595;
00:22:12;6.5116;
00:22:13;6.4936;
00:22:14;7.3575;
00:22:15;5.856;
00:22:16;6.6292;
00:22:17;6.5776;
00:22:18;6.4769;
00:22:19;6.652;
00:22:20;6.3624;
00:22:21;6.3935;
00:22:22;6.7141;
00:22:23;6.5304;
00:22:24;6.9425;
00:23:00;7.1908;
00:23:01;6.1587;
00:23:02;6.8622;
00:23:03;6.7183;
00:23:04;6.6707;
00:23:05;6.3224;
00:23:06;6.6243;
00:23:07;6.6303;
00:23:08;6.1781;
00:23:09;6.1428;
00:23:10;6.8446;
00:23:11;6.8754;
00:23:12;6.4611;
00:23:13;6.2975;
00:23:14;6.9178;
00:23:15;6.676;
00:23:16;6.8653;
00:23:17;6.361;
00:23:18;6.3363;
00:23:19;6.1465;
00:23:20;7.0542;
00:23:21;6.5904;
00:23:22;6.456;
00:23:23;6.2698;
00:23:24;6.383;
00:24:00;6.3246;
00:24:01;6.8914;
00:24:02;6.4363;
00:24:03;7.5439;
00:24:04;6.1793;
00:24:05;7.8333;
00:24:06;6.0832;
00:24:07;7.7912;
00:24:08;7.3093;
00:24:09;6.5147;
00:24:10;7.2528;
00:24:11;8.346;
00:24:12;6.68;
00:24:13;6.8798;
00:24:14;6.3056;
00:24:15;6.9326;
00:24:16;6.6718;
00:24:17;6.5736;
00:24:18;7.0462;
00:24:19;6.0258;
00:24:20;6.8911;
00:24:21;6.1722;
00:24:22;6.7989;
00:24:23;6.2587;
00:24:24;6.1072;
00:25:00;6.6463;
00:25:01;7.1451;
00:25:02;6.7239;
00:25:03;6.5249;
00:25:04;6.8722;
00:25:05;6.3572;
00:25:06;6.5313;
00:25:07;6.9132;
00:25:08;6.8394;
00:25:09;6.4136;
00:25:10;7.6529;
00:25:11;6.7419;
00:25:12;7.7695;
00:25:13;6.5115;
00:25:14;6.4084;
00:25:15;6.4318;
00:25:16;6.6995;
00:25:17;6.2954;
00:25:18;6.6025;
00:25:19;6.4881;
00:25:20;6.3235;
00:25:21;6.8845;
00:25:22;6.5891;
00:25:23;6.2178;
00:25:24;6.6274;
00:26:00;6.7268;
00:26:01;6.7906;
00:26:02;6.2594;
00:26:03;6.5136;
00:26:04;5.891;
00:26:05;6.7026;
00:26:06;6.4601;
00:26:07;6.9227;
00:26:08;6.2504;
00:26:09;6.5191;
00:26:10;6.7461;
00:26:11;6.6317;
00:26:12;7.6721;
00:26:13;5.9171;
00:26:14;6.8202;
00:26:15;7.4583;
00:26:16;7.0095;
00:26:17;6.6212;
00:26:18;5.9268;
00:26:19;6.967;
00:26:20;6.7692;
00:26:21;5.9223;
00:26:22;7.3427;
00:26:23;6.4554;
00:26:24;6.4952;
00:27:00;6.018;
00:27:02;8.1187;
00:27:03;8.1382;
00:27:04;9.7478;
00:27:05;8.3307;
00:27:06;8.6658;
00:27:07;8.6822;
00:27:08;8.4826;
00:27:09;8.1541;
00:27:10;8.7327;
00:27:11;8.4506;
00:27:12;8.7829;
00:27:13;8.9069;
00:27:14;8.2467;
00:27:15;8.8089;
00:27:16;9.225;
00:27:17;8.2981;
00:27:18;8.637;
00:27:19;8.9008;
00:27:20;8.6397;
00:27:21;9.2734;
00:27:22;8.4648;
00:27:23;9.1423;
00:27:24;8.1031;
00:28:00;9.5218;
00:28:01;8.8193;
00:28:02;8.8683;
00:28:03;8.4052;
00:28:04;8.8631;
00:28:05;9.2912;
00:28:06;9.6933;
00:28:07;8.339;
00:28:08;7.9;
00:28:09;8.7532;
00:28:10;8.4037;
00:28:11;9.9248;
00:28:12;8.8801;
00:28:13;7.9004;
00:28:14;8.741;
00:28:15;8.2319;
00:28:16;8.3157;
00:28:17;8.3477;
00:28:18;8.3297;
00:28:19;8.5666;
00:28:20;8.3885;
00:28:21;8.9435;
00:28:22;8.8469;
00:28:23;8.2949;
00:28:24;8.3709;
00:29:00;8.5719;
00:29:01;8.6247;
00:29:02;8.641;
00:29:04;8.3677;
00:29:05;8.773;
00:29:06;8.7405;
00:29:07;8.5733;
00:29:08;8.1079;
00:29:09;8.1317;
00:29:10;9.3339;
00:29:11;8.2111;
00:29:12;8.469;
00:29:13;8.1228;
00:29:14;8.797;
00:29:15;8.5214;
00:29:16;8.8084;
00:29:17;8.3465;
00:29:18;8.5242;
00:29:19;9.0436;
00:29:20;8.3595;
00:29:21;9.0174;
00:29:22;7.9676;
00:29:23;8.9983;
00:29:24;8.6161;
00:30:00;9.1891;
00:30:01;8.437;
00:30:02;8.2423;
00:30:03;9.9943;
00:30:04;8.0687;
00:30:05;9.1607;
00:30:06;8.5265;
00:30:07;7.6577;
00:30:08;8.3578;
00:30:09;8.3441;
00:30:10;8.4388;
00:30:11;8.3352;
00:30:12;8.7845;
00:30:13;8.855;
00:30:14;9.5191;
00:30:15;8.0643;
00:30:16;8.4988;
00:30:17;7.9514;
00:30:18;8.6752;
00:30:19;8.6748;
00:30:20;8.363;
00:30:21;8.924;
00:30:22;8.1484;
00:30:23;8.702;
00:30:24;8.774;
00:31:00;9.8657;
00:31:01;8.3961;
00:31:02;7.9556;
00:31:03;9.6393;
00:31:04;9.7224;
00:31:05;8.0545;
00:31:06;8.2773;
00:31:07;8.2939;
00:31:08;8.584;
00:31:09;8.574;
00:31:10;8.8012;
00:31:11;8.477;
00:31:12;8.1023;
00:31:13;8.3349;
00:31:14;8.7512;
00:31:15;8.8038;
00:31:16;9.3833;
00:31:17;8.0062;
00:31:18;8.5474;
00:31:19;8.6688;
00:31:20;8.3671;
00:31:21;8.4497;
00:31:22;7.8543;
00:31:23;8.3534;
00:31:24;8.7787;
00:32:00;8.6168;
00:32:02;7.7463;
00:32:04;9.1556;
00:32:07;7.5365;
00:32:09;8.9852;
00:32:10;9.1518;
00:32:11;9.6792;
00:32:12;8.4698;
00:32:14;8.8912;
00:32:15;9.6659;
00:32:16;9.1144;
00:32:17;8.366;
00:32:18;9.7661;
00:32:19;8.6321;
00:32:20;9.1237;
00:32:21;8.8771;
00:32:23;9.0771;
00:32:24;9.9839;
00:33:00;9.7025;
00:33:01;9.8164;
00:33:02;9.3889;
00:33:03;8.4674;
00:33:04;9.9879;
00:33:05;8.9152;
00:33:06;8.5646;
00:33:07;9.0815;
00:33:08;9.0474;
00:33:09;9.7222;
00:33:10;8.6588;
00:33:11;9.0474;
00:33:12;8.8815;
00:33:13;9.6156;
00:33:14;8.6067;
00:33:15;9.0701;
00:33:16;8.9719;
00:33:17;9.009;
00:33:19;9.7501;
00:33:20;9.4476;
00:33:21;9.6467;
00:33:22;9.7613;
00:33:23;9.112;
00:33:24;9.3011;
00:34:00;9.4413;
00:34:01;8.9753;
00:34:03;8.7917;
00:34:04;9.6715;
00:34:05;9.6471;
00:34:06;9.2289;
00:34:07;9.5327;
00:34:08;9.3475;
00:34:09;9.1223;
00:34:10;9.5106;
00:34:11;9.5108;
00:34:13;9.9167;
00:34:14;9.6538;
00:34:16;9.9176;
00:34:17;9.4817;
00:34:19;9.6082;
00:34:20;9.4563;
00:34:21;9.9527;
00:34:22;9.5214;
00:34:23;9.5824;
00:34:24;9.7887;
00:35:00;9.3324;
00:35:01;9.4433;
00:35:02;9.5302;
00:35:03;9.739;
00:35:04;9.7676;
00:35:05;9.5523;
00:35:06;9.4377;
00:35:07;9.5354;
00:35:08;9.7076;
00:35:13;9.9275;
00:35:15;9.7465;
00:35:16;9.9727;
00:35:20;9.3969;
00:35:23;9.376;
00:35:24;9.5473;
00:36:00;9.2505;
00:36:01;9.4181;
00:36:03;9.5223;
00:36:08;9.6209;
00:36:09;9.7057;
00:36:11;9.7532;
00:36:13;9.9552;
00:36:14;9.4786;
00:36:15;9.6479;
00:36:16;9.9326;
00:36:17;9.5297;
00:36:18;9.5501;
00:36:19;9.6528;
00:36:20;9.5753;
00:36:21;9.7478;
00:36:22;9.6362;
00:36:23;9.5917;
00:36:24;9.7618;
00:37:03;9.7108;
00:37:04;9.8931;
00:37:05;9.8963;
00:37:06;9.5715;
00:37:07;9.5431;
00:37:08;9.8528;
00:37:09;9.6526;
00:37:10;9.9741;
00:37:11;9.4546;
00:37:12;9.6494;
00:37:13;9.72;
00:37:14;9.4601;
00:37:16;9.7467;
00:37:17;9.7097;
00:37:18;9.8612;
00:37:19;9.35;
00:37:20;9.8559;
00:38:00;9.8192;
00:38:01;9.7428;
00:38:02;9.3888;
00:38:03;9.4859;
00:38:04;9.6475;
00:38:05;9.898;
00:38:06;9.4866;
00:38:07;9.8692;
00:38:08;9.4054;
00:38:09;9.5846;
00:38:10;9.8642;
00:38:11;9.5988;
00:38:12;9.3583;
00:38:13;9.8356;
00:38:14;9.4451;
00:38:16;9.5429;
00:38:19;9.798;
00:38:21;9.5333;
00:38:22;9.5943;
00:38:23;9.5004;
00:38:24;9.8905;
00:39:00;9.7726;
00:39:01;9.6835;
00:39:02;9.4242;
00:39:03;9.5722;
00:39:04;9.7983;
00:39:05;9.7812;
00:39:06;9.7835;
00:39:07;9.6787;
00:39:08;9.6276;
00:39:09;9.6323;
00:39:11;9.1707;
00:39:12;9.8578;
00:39:13;9.2216;
00:39:14;9.5968;
00:39:15;9.9246;
00:39:18;9.7368;
00:39:19;9.1396;
00:39:20;9.6658;
00:39:21;9.89;
00:39:22;9.5246;
00:39:23;9.729;
00:40:00;9.5677;
00:40:05;9.4362;
00:40:06;9.7561;
00:40:08;9.7277;
00:40:09;9.1855;
00:40:11;9.5113;
00:40:12;9.6329;
00:40:13;9.7735;
00:40:14;9.6567;
00:40:15;9.9806;
00:40:16;8.4931;
00:40:18;9.7351;
00:40:19;8.6036;
00:40:23;9.8566;
00:40:24;9.598;
00:41:00;9.9373;
00:41:01;9.932;
00:41:02;9.6712;
00:41:03;9.7182;
00:41:04;9.9371;
00:41:05;9.8447;
00:41:07;9.672;
00:41:08;9.8587;
00:41:09;9.7783;
00:41:10;9.6735;
00:41:11;9.8183;
00:41:12;9.7582;
00:41:13;9.624;
00:41:14;9.6973;
00:41:16;9.5913;
00:41:21;9.6318;
00:41:22;9.9224;
00:41:24;9.5155;
00:42:00;9.7112;
00:42:01;9.9439;
00:42:13;9.5333;
00:42:23;9.4879;
00:43:01;8.6547;
00:43:03;8.3383;
00:43:06;8.8002;
00:43:07;8.5589;
00:43:08;8.2296;
00:43:09;9.2246;
00:43:10;8.6495;
00:43:11;9.3205;
00:43:12;9.5317;
00:43:13;7.9177;
00:43:14;9.1639;
00:43:15;9.4461;
00:43:16;8.7056;
00:43:17;9.4255;
00:43:18;8.207;
00:43:19;9.0109;
00:43:20;8.9594;
00:43:21;9.263;
00:43:22;8.9804;
00:43:23;9.023;
00:43:24;8.7121;
00:44:01;9.0499;
00:44:02;9.6986;
00:44:03;7.8384;
00:44:04;9.6083;
00:44:05;9.18;
00:44:06;8.536;
00:44:07;9.0703;
00:44:08;8.7232;
00:44:09;8.4791;
00:44:10;9.543;
00:44:11;8.8497;
00:44:12;8.6601;
00:44:13;8.3636;
00:44:14;8.9911;
00:44:15;9.3737;
00:44:16;9.3351;
00:44:17;8.8273;
00:44:18;7.8376;
00:44:19;9.6676;
00:44:20;9.4182;
00:44:21;9.7376;
00:44:22;9.7718;
00:44:23;8.707;
00:44:24;9.0526;
00:45:00;8.8425;
00:45:01;9.289;
00:45:02;9.2356;
00:45:03;8.1667;
00:45:04;9.2478;
00:45:05;8.8787;
00:45:06;9.4331;
00:45:07;8.6873;
00:45:08;7.7704;
00:45:09;9.4063;
00:45:11;9.3283;
00:45:12;9.6307;
00:45:13;9.1089;
00:45:15;9.6844;
00:45:17;9.0613;
00:45:18;8.8413;
00:45:20;9.7205;
00:45:22;8.2726;
00:45:23;9.8783;
00:46:00;9.8781;
00:46:01;7.3783;
00:46:02;8.0548;
00:46:03;8.8793;
00:46:04;8.7774;
00:46:05;9.2308;
00:46:06;9.6737;
00:46:07;7.2602;
00:46:08;9.5513;
00:46:09;7.9387;
00:46:11;8.4059;
00:46:12;7.6901;
00:46:13;9.4792;
00:46:14;7.9687;
00:46:15;9.7694;
00:46:16;8.6236;
00:46:17;7.3472;
00:46:18;8.8243;
00:46:19;9.2549;
00:46:20;8.4267;
00:46:21;8.0374;
00:46:22;8.0608;
00:46:23;8.3832;
00:46:24;9.1832;
00:47:00;8.152;
00:47:01;9.4239;
00:47:02;6.8825;
00:47:03;9.7985;
00:47:04;9.6732;
00:47:05;8.7466;
00:47:06;9.5353;
00:47:07;6.584;
00:47:09;7.3582;
00:47:11;8.4838;
00:47:12;7.6612;
00:47:13;8.6735;
00:47:14;8.7492;
00:47:15;9.3124;
00:47:16;8.4797;
00:47:17;8.6695;
00:47:18;8.3815;
00:47:19;9.0653;
00:47:20;8.3542;
00:47:21;9.3381;
00:47:22;7.0287;
00:47:23;9.4013;
00:47:24;8.1505;
00:48:00;9.1429;
00:48:01;9.1425;
00:48:02;6.7505;
00:48:04;7.5312;
00:48:05;9.7079;
00:48:06;9.2398;
00:48:07;7.8961;
00:48:08;9.7317;
00:48:09;9.2803;
00:48:10;8.9301;
00:48:11;9.0203;
00:48:12;7.6852;
00:48:13;9.7384;
00:48:14;8.2778;
00:48:16;7.9465;
00:48:17;8.3173;
00:48:18;8.6196;
00:48:19;9.5172;
00:48:20;8.6831;
00:48:21;8.9062;
00:48:22;8.2952;
00:48:23;9.0795;
00:49:00;8.2968;
00:49:01;8.2559;
00:49:02;5.4674;
00:49:03;1.3169;
00:49:04;0.9443;
00:49:05;0.9258;
00:49:07;1.7078;
00:49:08;1.4736;
00:49:09;1.4119;
00:49:10;1.573;
00:49:11;1.5436;
00:49:12;1.3826;
00:49:13;1.4004;
00:49:14;1.3902;
00:49:15;1.5972;
00:49:16;1.7321;
00:49:17;1.3873;
00:49:18;1.3955;
00:49:19;1.3887;
00:49:20;1.4351;
00:49:21;1.8769;
00:49:22;1.5229;
00:49:23;1.4808;
00:49:24;1.4885;
00:50:00;1.6491;
00:50:01;1.6575;
00:50:02;1.4652;
00:50:03;1.5242;
00:50:04;1.4981;
00:50:05;1.5229;
00:50:06;1.6219;
00:50:07;1.3802;
00:50:08;1.3904;
00:50:09;1.3939;
00:50:10;1.4671;
00:50:12;2.9137;
00:50:13;2.7318;
00:50:14;2.8626;
00:50:15;2.8224;
00:50:16;3.0208;
00:50:17;2.6416;
00:50:18;2.6785;
00:50:19;2.6371;
00:50:20;2.6208;
00:50:21;2.8599;
00:50:22;2.9519;
00:50:23;2.6712;
00:50:24;2.6904;
00:51:00;2.6473;
00:51:01;2.6817;
00:51:03;2.1947;
00:51:04;1.9982;
00:51:05;1.9923;
00:51:06;2.2488;
00:51:07;2.0537;
00:51:08;2.1331;
00:51:09;2.1171;
00:51:10;2.045;
00:51:11;2.5146;
00:51:12;2.2071;
00:51:13;2.18;
00:51:14;2.2072;
00:51:15;2.1859;
00:51:16;2.1481;
00:51:17;2.0466;
00:51:18;2.2293;
00:51:19;2.1612;
00:51:20;2.1209;
00:51:21;2.2107;
00:51:22;2.2764;
00:51:23;2.4025;
00:51:24;2.3825;
00:52:01;3.5356;
00:52:02;3.3194;
00:52:03;3.4024;
00:52:04;3.6453;
00:52:05;3.1973;
00:52:06;3.2343;
00:52:07;3.1311;
00:52:08;2.9452;
00:52:09;3.1021;
00:52:10;3.2628;
00:52:11;3.6965;
00:52:12;3.1814;
00:52:13;2.8511;
00:52:15;3.8992;
00:52:16;3.4728;
00:52:17;3.5952;
00:52:18;3.5016;
00:52:19;3.4793;
00:52:20;3.7162;
00:52:21;3.3655;
00:52:22;3.4275;
00:52:23;3.553;
00:52:24;3.456;
00:53:00;3.3968;
00:53:01;3.4085;
00:53:02;3.6054;
00:53:03;3.4212;
00:53:04;3.436;
00:53:05;3.3542;
00:53:06;3.3445;
00:53:07;3.5218;
00:53:08;3.3495;
00:53:09;3.3471;
00:53:10;3.437;
00:53:11;3.7323;
00:53:12;3.7579;
00:53:13;3.5733;
00:53:14;3.4607;
00:53:15;3.6303;
00:53:16;3.7549;
00:53:17;3.5314;
00:53:18;3.6593;
00:53:19;3.2969;
00:53:20;3.8342;
00:53:21;3.668;
00:53:22;3.5881;
00:53:23;3.5821;
00:53:24;3.33;
00:54:00;3.9025;
00:54:01;3.3974;
00:54:02;3.4007;
00:54:03;3.3213;
00:54:04;3.5451;
00:54:05;3.656;
00:54:06;3.5096;
00:54:07;3.3912;
00:54:08;3.3053;
00:54:09;3.5843;
00:54:10;3.5226;
00:54:11;3.3679;
00:54:12;3.3424;
00:54:13;3.3545;
00:54:14;3.5478;
00:54:15;3.307;
00:54:16;3.4327;
00:54:17;3.3315;
00:54:18;3.5342;
00:54:19;3.551;
00:54:20;3.6426;
00:54:21;3.5267;
00:54:22;3.5178;
00:54:23;3.6382;
00:54:24;3.3544;
00:55:00;3.2488;
00:55:01;3.8227;
00:55:02;7.5968;
00:55:03;3.0822;
00:55:04;1.8505;
00:55:05;2.1897;
00:55:06;1.9771;
00:55:07;2.0535;
00:55:08;2.1755;
00:55:09;1.9401;
00:55:10;1.9793;
00:55:11;1.8051;
00:55:12;1.9764;
00:55:13;1.8982;
00:55:14;2.0062;
00:55:15;2.1924;
00:55:16;1.9422;
00:55:17;1.8815;
00:55:18;1.9623;
00:55:19;1.9073;
00:55:20;1.9255;
00:55:21;1.9235;
00:55:22;1.9286;
00:55:23;1.9851;
00:55:24;1.9715;
00:56:00;1.9352;
00:56:01;1.9416;
00:56:02;1.9001;
00:56:03;2.0869;
00:56:04;2.1767;
00:56:05;1.9537;
00:56:06;2.1896;
00:56:07;1.9493;
00:56:08;1.9667;
00:56:09;2.0825;
00:56:10;2.3036;
00:56:11;2.0514;
00:56:12;2.1152;
00:56:13;2.0153;
00:56:14;2.2561;
00:56:15;1.8761;
00:56:16;1.9976;
00:56:17;2.0468;
00:56:18;1.8926;
00:56:19;2.0347;
00:56:20;2.0099;
00:56:21;2.1888;
00:56:22;2.1252;
00:56:23;1.8226;
00:56:24;2.3402;
00:57:00;2.0307;
00:57:01;1.8293;
00:57:03;1.7565;
00:57:04;4.0028;
00:57:06;7.2298;
00:57:07;6.8974;
00:57:08;7.9885;
00:57:09;5.7756;
00:57:10;7.9986;
00:57:11;7.1156;
00:57:12;8.1985;
00:57:13;7.1025;
00:57:14;6.7449;
00:57:15;7.1244;
00:57:16;8.7608;
00:57:17;6.8779;
00:57:18;8.3469;
00:57:19;8.1271;
00:57:20;8.9875;
00:57:21;9.2249;
00:57:22;4.4326;
00:57:23;6.7354;
00:57:24;6.2405;
00:58:00;7.6112;
00:58:01;8.708;
01:02:20;15;
01:29:02;1.5414;
01:29:03;2.0536;
01:29:04;1.5685;
01:29:05;1.7283;
01:29:06;1.7569;
01:29:07;1.7718;
01:29:08;1.7294;
01:29:09;1.8379;
01:29:10;1.7345;
01:29:11;1.7513;
01:29:12;2.057;
01:29:13;1.7232;
01:29:14;1.7926;
01:29:15;1.7466;
01:29:16;1.7805;
01:29:17;1.7495;
01:29:18;1.7285;
01:29:19;1.6374;
01:29:20;1.7207;
01:29:21;2.0063;
01:29:22;1.724;
01:29:23;1.6857;
01:29:24;1.9336;
01:30:00;1.8224;
01:30:01;1.7487;
01:30:03;9.1668;
01:46:08;2.5547;
01:46:09;2.6837;
01:46:10;2.877;
01:46:11;2.8584;
01:46:12;2.7576;
01:46:13;2.7807;
01:46:14;2.891;
01:46:15;3.0489;
01:46:16;3.0464;
01:46:17;3.1914;
01:46:18;2.5774;
01:46:19;2.9801;
01:46:20;3.6849;
01:46:21;3.6185;
01:46:22;3.6985;
01:46:23;3.3546;
01:46:24;3.5372;
01:47:00;3.354;
01:47:01;3.8736;
01:47:02;3.0645;
01:47:03;3.4495;
01:47:04;2.8705;
01:47:05;3.5202;
01:47:06;3.6896;
01:47:07;3.1935;
01:47:08;3.4126;
01:47:09;3.4897;
01:47:10;3.4144;
01:47:11;3.3832;
01:47:12;3.3849;
01:47:13;3.5239;
01:47:14;2.6716;
01:47:15;2.4126;
01:47:16;3.5533;
01:47:17;3.4696;
01:47:18;3.5494;
01:47:19;3.5587;
01:47:20;3.3569;
01:47:21;3.3638;
01:47:22;3.4798;
01:47:23;3.2013;
01:47:24;2.8885;
01:48:00;3.4224;
01:48:01;4.0119;
01:48:02;1.933;
01:48:03;8.1235;
02:04:09;3.0849;
02:04:10;2.6558;
02:04:11;2.9886;
02:04:12;2.894;
02:04:13;2.366;
02:04:14;2.8554;
02:04:15;2.802;
02:04:16;2.834;
02:04:17;2.9943;
02:04:18;3.2367;
02:04:19;2.623;
02:04:20;3.6788;
02:04:21;3.438;
02:04:22;4.0004;
02:04:23;3.1994;
02:04:24;3.7277;
02:05:00;3.4774;
02:05:01;3.5104;
02:05:02;3.364;
02:05:03;3.4861;
02:05:04;3.1557;
02:05:05;3.7164;
02:05:06;3.0942;
02:05:07;3.748;
02:05:08;2.6796;
02:05:09;3.9204;
02:05:10;2.9015;
02:05:11;3.7807;
02:05:12;3.4827;
02:05:13;3.3216;
02:05:14;3.2591;
02:05:15;3.3442;
02:05:16;3.3978;
02:05:17;3.218;
02:05:18;2.748;
02:05:19;3.2855;
02:05:20;3.5951;
02:05:21;3.5302;
02:05:22;3.2627;
02:05:23;3.4163;
02:05:24;3.2123;
02:06:00;3.4289;
02:06:01;3.6998;
02:06:02;3.3632;
02:06:03;1.328;
02:06:05;2.8787;
02:06:06;2.8807;
02:06:07;2.9897;
02:06:08;2.7907;
02:06:09;2.6866;
02:06:10;2.7837;
02:06:11;2.8747;
02:06:12;2.9274;
02:06:13;2.8019;
02:06:14;2.7442;
02:06:15;2.7468;
02:06:16;2.7771;
02:06:17;2.7848;
02:06:18;2.8826;
02:06:19;2.7105;
02:06:20;2.7591;
02:06:21;2.8154;
02:06:22;2.8894;
02:06:23;2.871;
02:06:24;3.0497;
02:07:00;2.7404;
02:07:01;2.7228;
02:07:02;2.7318;
02:07:03;2.8082;
02:07:04;2.7732;
02:07:05;2.8583;
02:07:06;2.7974;
02:07:07;2.7245;
02:07:08;2.9033;
02:07:09;2.7743;
02:07:10;2.8559;
02:07:11;2.7057;
02:07:12;2.7711;
02:07:13;2.7851;
02:07:14;2.8979;
02:07:15;2.7821;
02:07:16;2.8563;
02:07:17;2.8462;
02:07:18;2.722;
02:07:19;3.0147;
02:07:20;2.7052;
02:07:21;2.979;
02:07:22;2.7625;
02:07:23;2.7338;
02:07:24;2.7908;
02:08:00;2.8232;
02:08:01;2.7296;
02:08:02;3.0236;
02:08:03;2.7186;
02:08:04;2.7432;
02:08:05;2.7983;
02:08:06;3.0244;
02:08:07;2.8547;
02:08:08;3.0918;
02:08:09;2.9974;
02:08:10;3.0885;
02:08:11;3.046;
02:08:12;2.8036;
02:08:13;3.0048;
02:08:14;2.7942;
02:08:15;2.8075;
02:08:16;2.8034;
02:08:17;2.7141;
02:08:18;2.7742;
02:08:19;2.9626;
02:08:20;2.7192;
02:08:21;2.7543;
02:08:22;2.9587;
02:08:23;2.7418;
02:08:24;2.7204;
02:09:00;3.1016;
02:09:01;2.8138;
02:09:02;2.7047;
02:09:03;2.7768;
02:09:04;2.7613;
02:09:05;2.8014;
02:09:06;2.859;
02:09:07;2.8968;
02:09:08;2.7449;
02:09:09;2.8052;
02:09:10;2.7491;
02:09:11;2.9749;
02:09:12;3.0004;
02:09:13;2.7366;
02:09:14;3.014;
02:09:15;2.5932;
02:09:16;1.8843;
02:09:17;5.0023;
02:09:18;3.072;
02:09:19;3.0774;
02:09:20;2.9683;
02:09:22;2.4244;
02:09:23;2.8269;
02:09:24;2.5513;
02:10:00;2.5604;
02:10:01;2.5974;
02:10:03;3.7084;
02:10:04;4.3401;
02:10:05;4.5835;
02:10:06;3.4889;
02:10:07;3.7679;
02:10:08;3.362;
02:10:09;3.416;
02:10:10;3.4467;
02:10:11;3.3869;
02:10:12;3.9306;
02:10:13;3.3893;
02:10:14;3.4732;
02:10:15;3.3736;
02:10:16;3.4412;
02:10:17;3.2706;
02:10:18;3.2487;
02:10:19;3.304;
02:10:20;3.2559;
02:10:21;3.5654;
02:10:22;3.3041;
02:10:23;3.3742;
02:10:24;3.4567;
02:11:00;3.3933;
02:11:01;3.4353;
02:11:02;3.347;
02:11:03;3.4147;
02:11:04;3.3564;
02:11:05;3.3713;
02:11:06;3.6234;
02:11:07;3.3855;
02:11:08;3.4188;
02:11:09;3.3463;
02:11:10;3.4308;
02:11:11;3.3142;
02:11:12;3.7016;
02:11:13;3.2169;
02:11:14;3.6024;
02:11:15;3.4894;
02:11:16;3.4117;
02:11:17;3.4016;
02:11:18;3.3746;
02:11:19;3.3801;
02:11:20;3.483;
02:11:21;3.3671;
02:11:22;3.4852;
02:11:23;3.4701;
02:11:24;3.4902;
02:12:00;3.4159;
02:12:01;3.5519;
02:12:02;3.521;
02:12:03;3.4756;
02:12:04;3.5197;
02:12:05;3.3679;
02:12:06;3.5019;
02:12:07;3.3863;
02:12:08;3.3935;
02:12:09;3.7704;
02:12:10;3.6832;
02:12:11;3.6181;
02:12:12;3.455;
02:12:13;3.7097;
02:12:14;3.5749;
02:12:15;3.5156;
02:12:16;3.343;
02:12:17;3.3625;
02:12:18;3.7379;
02:12:19;3.4657;
02:12:20;3.4682;
02:12:21;3.3953;
02:12:22;3.6634;
02:12:23;3.1804;
02:12:24;3.2127;
02:13:00;3.2662;
02:13:01;3.282;
02:13:02;3.7824;
02:13:03;3.4179;
02:13:04;3.3624;
02:13:06;3.1073;
02:13:07;3.2122;
02:13:08;3.1167;
02:13:09;3.1353;
02:13:10;3.1691;
02:13:12;4.0986;
02:13:13;4.1015;
02:13:14;4.433;
02:13:15;4.358;
02:13:16;4.3139;
02:13:17;4.7037;
02:13:18;3.8638;
02:13:19;4.4346;
02:13:20;8.8856;
02:13:21;3.749;
02:13:22;3.874;
02:13:23;4.0977;
02:13:24;4.499;
02:14:00;4.2565;
02:14:01;4.2073;
02:14:02;4.1538;
02:14:03;4.0779;
02:14:04;4.0792;
02:14:05;4.2318;
02:14:06;4.4863;
02:14:07;4.1893;
02:14:08;4.3994;
02:14:09;4.2066;
02:14:10;4.3009;
02:14:11;4.1759;
02:14:12;4.3537;
02:14:13;4.3784;
02:14:14;4.3539;
02:14:15;4.1734;
02:14:16;4.3229;
02:14:17;4.3667;
02:14:18;4.2253;
02:14:19;4.2107;
02:14:20;4.4455;
02:14:21;4.1235;
02:14:22;4.1777;
02:14:23;4.4942;
02:14:24;4.2582;
02:15:00;4.2063;
02:15:01;4.1756;
02:15:02;4.4168;
02:15:03;4.1271;
02:15:04;4.2238;
02:15:05;4.1739;
02:15:06;4.3083;
02:15:07;4.2792;
02:15:08;4.1884;
02:15:09;4.5982;
02:15:10;4.0773;
02:15:11;4.147;
02:15:12;4.2322;
02:15:13;4.8059;
02:15:14;5.355;
02:15:15;4.4363;
02:15:16;4.3008;
02:15:17;4.6549;
02:15:18;4.2538;
02:15:19;4.1857;
02:15:20;4.0233;
02:15:21;4.3621;
02:15:22;4.1676;
02:15:23;4.4472;
02:15:24;4.437;
02:16:00;4.5901;
02:16:01;4.195;
02:16:02;4.2273;
02:16:03;4.4222;
02:16:04;4.1917;
02:16:05;4.0453;
02:16:06;4.2939;
02:16:07;4.3476;
02:16:08;4.1447;
02:16:09;4.2214;
02:16:10;4.3705;
02:16:11;4.2989;
02:16:12;4.1952;
02:16:13;4.3751;
02:16:14;4.3158;
02:16:15;4.3998;
02:16:18;4.8654;
02:16:19;4.0237;
02:16:20;4.0787;
02:16:21;3.9323;
02:16:22;4.3001;
02:16:23;4.2557;
02:16:24;4.3411;
02:17:00;4.1374;
02:17:01;4.2759;
02:17:02;4.154;
02:17:03;3.9441;
02:17:04;4.01;
02:17:05;4.2706;
02:17:06;4.0884;
02:17:07;3.864;
02:17:08;3.8041;
02:17:09;4.3794;
02:17:10;3.8827;
02:17:11;3.9479;
02:17:12;3.9008;
02:17:13;4.1215;
02:17:14;3.9278;
02:17:15;3.9518;
02:17:16;3.924;
02:17:17;4.152;
02:17:18;3.8873;
02:17:19;4.0097;
02:17:20;3.9463;
02:17:21;4.1153;
02:17:22;3.9763;
02:17:23;3.9604;
02:17:24;3.8215;
02:18:00;4.1719;
02:18:01;3.9724;
02:18:02;3.9343;
02:18:03;3.9716;
02:18:04;4.3127;
02:18:05;3.9562;
02:18:06;3.9731;
02:18:07;3.9882;
02:18:08;4.1152;
02:18:09;4.1566;
02:18:10;3.9678;
02:18:11;4.2259;
02:18:12;4.2311;
02:18:13;4.026;
02:18:14;4.2443;
02:18:15;3.9547;
02:18:16;4.4306;
02:18:17;4.086;
02:18:18;3.9688;
02:18:19;3.9417;
02:18:20;4.2238;
02:18:21;4.2057;
02:18:22;4.0853;
02:18:23;3.9534;
02:18:24;4.5913;
02:19:00;3.7741;
02:19:01;4.0078;
02:19:02;3.9561;
02:19:03;4.1934;
02:19:04;4.1242;
02:19:05;4.1892;
02:19:06;3.9812;
02:19:07;4.1595;
02:19:08;3.8808;
02:19:09;4.199;
02:19:10;4.1091;
02:19:11;4.1358;
02:19:12;3.866;
02:19:13;3.9771;
02:19:14;4.0659;
02:19:15;4.2429;
02:19:16;4.3119;
02:19:17;4.0114;
02:19:18;4.2296;
02:19:19;4.2962;
02:19:20;4.0549;
02:19:21;3.9546;
02:19:22;3.9067;
02:19:23;4.0946;
02:19:24;3.9201;
02:20:00;4.0346;
02:20:01;3.892;
02:20:02;4.0574;
02:20:03;3.9497;
02:20:04;4.0758;
02:20:05;3.8637;
02:20:06;4.0459;
02:20:07;3.8799;
02:20:08;3.9058;
02:20:09;3.8408;
02:20:10;4.0632;
02:20:11;3.991;
02:20:12;3.9078;
02:20:13;3.9336;
02:20:14;4.0874;
02:20:15;4.4233;
02:20:16;3.8089;
02:20:17;3.8872;
02:20:18;4.6343;
02:20:19;4.1345;
02:20:20;4.2102;
02:20:21;3.8977;
02:20:22;4.2434;
02:20:23;3.9168;
02:20:24;3.9326;
02:21:00;3.8784;
02:21:01;4.1287;
02:21:02;4.0438;
02:21:03;3.8269;
02:21:04;3.8601;
02:21:05;4.0569;
02:21:06;3.7712;
02:21:07;3.8951;
02:21:08;4.0807;
02:21:09;4.175;
02:21:10;3.8797;
02:21:11;3.9045;
02:21:12;3.8603;
02:21:13;3.7877;
02:21:14;3.7036;
02:21:15;3.7171;
02:21:16;3.6938;
02:21:17;3.7398;
02:21:18;4.2345;
02:21:19;4.035;
02:21:20;4.0665;
02:21:21;4.1525;
02:21:22;3.9867;
02:21:23;3.8371;
02:21:24;4.1573;
02:22:00;4.0379;
02:22:01;4.2695;
02:22:02;4.0052;
02:22:03;2.6616;
02:22:04;2.0196;
02:22:05;1.957;
02:22:06;2.0743;
02:22:07;2.1683;
02:22:08;1.9216;
02:22:09;1.8863;
02:22:10;2.1296;
02:22:11;2.1083;
02:22:12;1.8973;
02:22:13;2.0203;
02:22:14;2.0185;
02:22:15;1.9916;
02:22:16;1.9816;
02:22:17;1.9742;
02:22:18;2.1045;
02:22:19;1.9756;
02:22:20;1.9821;
02:22:21;1.9533;
02:22:22;2.1266;
02:22:23;1.9943;
02:22:24;1.9704;
02:23:00;2.3057;
02:23:01;2.1337;
02:23:02;1.9881;
02:23:03;1.9941;
02:23:05;1.9071;
02:23:06;1.4726;
02:23:07;2.0274;
02:23:08;4.905;
02:23:09;5.8857;
02:23:10;4.9531;
02:23:11;5.7347;
02:23:12;5.0073;
02:23:13;4.1679;
02:23:14;3.2074;
02:23:15;2.6786;
02:23:16;2.6189;
02:23:17;2.351;
02:23:18;2.8818;
02:23:19;2.3183;
02:23:20;2.2187;
02:23:21;1.941;
02:23:22;2.0231;
02:23:23;1.766;
02:23:24;1.8092;
02:24:00;1.9415;
02:24:01;1.7797;
02:24:02;1.8399;
02:24:03;1.6486;
02:24:04;1.6952;
02:24:05;1.6699;
02:24:06;1.6774;
02:24:07;1.7762;
02:24:08;1.743;
02:24:09;1.946;
02:24:10;1.7725;
02:24:11;1.6562;
02:24:12;1.7631;
02:24:13;1.7464;
02:24:14;1.7805;
02:24:15;1.7481;
02:24:16;1.7639;
02:24:18;3.2687;
02:24:19;3.1125;
02:24:20;3.1401;
02:24:21;3.5052;
02:24:22;3.2304;
02:24:23;3.2428;
02:24:24;3.0152;
02:25:00;3.072;
02:25:01;3.0425;
02:25:02;2.9707;
02:25:03;3.1244;
02:25:04;3.0979;
02:25:05;3.3374;
02:25:06;3.3116;
02:25:07;3.1403;
02:25:08;2.8201;
02:25:09;2.9682;
02:25:10;3.0246;
02:25:11;3.0824;
02:25:12;3.0914;
02:25:13;2.7697;
02:25:14;2.7365;
02:25:15;2.8062;
02:25:16;2.7888;
02:25:17;3.1605;
02:25:18;2.9223;
02:25:19;2.8554;
02:25:20;2.9683;
02:25:21;2.8664;
02:25:22;3.0716;
02:25:23;3.0613;
02:25:24;2.8656;
02:26:00;2.962;
02:26:01;2.9056;
02:26:02;2.9987;
02:26:03;3.1418;
02:26:05;4.5112;
02:26:06;4.0238;
02:26:07;4.1778;
02:26:08;3.9591;
02:26:09;4.0458;
02:26:10;4.2803;
02:26:11;4.2919;
02:26:12;4.431;
02:26:13;4.3909;
02:26:14;4.5172;
02:26:15;4.3883;
02:26:16;4.1141;
02:26:17;4.1946;
02:26:18;4.3009;
02:26:19;4.0816;
02:26:20;4.1185;
02:26:21;4.1799;
02:26:22;4.3284;
02:26:23;4.0684;
02:26:24;3.9074;
02:27:00;3.8903;
02:27:01;4.843;
02:27:02;4.4513;
02:27:03;4.0517;
02:27:04;4.0586;
02:27:05;4.4352;
02:27:06;4.3997;
02:27:07;4.0346;
02:27:08;4.3234;
02:27:09;4.4007;
02:27:10;4.3856;
02:27:11;4.3284;
02:27:12;4.521;
02:27:13;3.9345;
02:27:14;4.076;
02:27:15;4.0429;
02:27:16;4.3885;
02:27:17;4.1342;
02:27:18;4.0057;
02:27:19;4.0575;
02:27:20;4.1641;
02:27:21;4.3803;
02:27:22;4.2959;
02:27:23;4.5572;
02:27:24;4.2055;
02:28:00;3.9949;
02:28:01;4.3474;
02:28:02;4.013;
02:28:03;4.2703;
02:28:04;3.9844;
02:28:05;4.0908;
02:28:06;4.4623;
02:28:07;4.2577;
02:28:08;4.3414;
02:28:09;3.9371;
02:28:10;4.2327;
02:28:11;4.3046;
02:28:12;4.4355;
02:28:13;4.3002;
02:28:14;4.1567;
02:28:15;4.0049;
02:28:16;4.0936;
02:28:17;4.0453;
02:28:18;4.0313;
02:28:19;3.7895;
02:28:20;3.9086;
02:28:21;4.5582;
02:28:22;4.3277;
02:28:23;4.3322;
02:28:24;4.0133;
02:29:00;4.3099;
02:29:01;3.841;
02:29:02;4.2135;
02:29:03;3.9777;
02:29:04;4.1758;
02:29:05;4.1923;
02:29:06;4.3893;
02:29:07;4.3767;
02:29:08;4.2361;
02:29:09;4.0117;
02:29:10;3.9678;
02:29:11;4.2252;
02:29:12;4.5152;
02:29:13;4.1896;
02:29:14;4.0232;
02:29:15;4.0055;
02:29:16;4.4347;
02:29:17;4.3215;
02:29:18;4.3035;
02:29:19;4.0184;
02:29:20;4.237;
02:29:21;4.102;
02:29:22;4.0574;
02:29:23;4.2347;
02:29:24;4.3573;
02:30:00;3.9993;
02:30:01;4.5159;
02:30:02;4.1271;
02:30:03;4.4794;
02:30:04;3.9759;
02:30:05;4.0044;
02:30:06;4.3512;
02:30:07;4.0369;
02:30:08;4.2563;
02:30:09;3.939;
02:30:10;3.363;
02:30:11;2.9734;
02:30:12;2.8642;
02:30:13;2.9252;
02:30:14;2.702;
02:30:15;3.0443;
02:30:16;3.125;
02:30:17;3.4334;
02:30:18;2.9244;
02:30:19;2.8108;
02:30:20;3.0887;
02:30:21;3.2999;
02:30:22;3.0093;
02:30:23;3.1912;
02:30:24;2.9312;
02:31:00;2.8615;
02:31:01;2.9447;
02:31:02;3.2589;
02:31:03;1.8283;
02:31:04;1.6499;
02:31:05;1.786;
02:31:06;1.6714;
02:31:07;1.6783;
02:31:08;1.6634;
02:31:09;2.0455;
02:31:10;2.0127;
02:31:11;1.7521;
02:31:12;1.6626;
02:31:13;1.664;
02:31:14;1.6282;
02:31:15;1.7916;
02:31:16;1.7179;
02:31:17;1.7202;
02:31:18;1.9756;
02:31:19;1.9231;
02:31:20;1.7167;
02:31:21;1.6381;
02:31:22;1.5762;
02:31:23;1.5656;
02:31:24;1.5822;
02:32:00;1.7051;
02:32:01;1.6547;
02:32:02;1.6451;
02:32:03;1.7929;
02:32:05;3.518;
02:32:06;7.1711;
02:32:07;7.4047;
02:32:08;8.0534;
02:32:09;7.7705;
02:32:10;8.3641;
02:32:11;8.3158;
02:32:13;9.0604;
02:32:14;7.7433;
02:32:15;7.1912;
02:32:16;8.9064;
02:32:17;7.5548;
02:32:18;8.2471;
02:32:19;6.5519;
02:32:20;8.7724;
02:32:21;8.4175;
02:32:22;8.3365;
02:32:23;7.8716;
02:33:00;6.4219;
02:33:01;9.9087;
02:33:02;7.4078;
02:33:03;9.6471;
02:33:04;8.4218;
02:33:05;8.555;
02:33:06;8.6611;
02:33:07;8.9995;
02:33:08;7.2412;
02:33:09;6.9962;
02:33:10;8.4827;
02:33:11;8.0421;
02:33:12;8.8459;
02:33:13;8.3693;
02:33:14;8.8868;
02:33:16;9.0165;
02:33:17;9.7124;
02:33:18;9.5546;
02:33:19;9.447;
02:33:20;9.565;
02:33:21;9.684;
02:33:22;9.4431;
02:33:24;9.2801;
02:34:07;9.6037;
02:34:08;9.7553;
02:34:09;9.9511;
02:34:10;9.2276;
02:34:11;9.707;
02:34:12;7.3595;
02:34:13;6.2026;
02:46:07;9.9536;
02:47:04;9.8484;
02:47:07;9.9491;
02:47:20;9.7879;
02:48:01;9.9246;
02:48:04;9.9968;
02:48:18;9.9079;
02:48:20;9.7053;
02:48:23;9.9768;
02:49:01;9.986;
02:49:02;9.9698;
02:49:17;9.923;
02:49:20;9.6924;
02:50:12;9.9048;
02:50:13;9.9728;
02:51:03;9.992;
02:51:04;9.6523;
02:51:05;9.9862;
02:51:06;9.7413;
02:51:07;9.726;
02:51:08;9.8487;
02:51:09;9.9538;
02:51:18;9.9713;
02:51:20;9.8556;
02:51:22;9.851;
02:52:14;9.4096;
02:52:19;9.8377;
02:52:24;9.6795;
02:53:00;9.8352;
02:53:04;3.1315;
02:53:05;6.3134;
02:53:06;7.2207;
02:53:07;6.6353;
02:53:08;7.5075;
02:53:09;5.3816;
02:53:10;6.2247;
02:53:11;5.8296;
02:53:12;6.4972;
02:53:13;7.3623;
02:53:14;6.8837;
02:53:15;6.9633;
02:53:16;6.9222;
02:53:17;6.0434;
02:53:18;6.2228;
02:53:19;5.6306;
02:53:20;6.6224;
02:53:21;6.8654;
02:53:22;6.4727;
02:53:23;6.3129;
02:53:24;6.8287;
02:54:00;7.9724;
02:54:01;7.0679;
02:54:02;7.962;
02:54:03;6.801;
02:54:04;7.07;
02:54:06;1.7664;
02:54:07;1.6531;
02:54:08;1.806;
02:54:09;1.7664;
02:54:10;1.9906;
02:54:11;1.5599;
02:54:12;1.3356;
02:54:13;1.4802;
02:54:14;1.3984;
02:54:15;1.3481;
02:54:16;1.3398;
02:54:17;1.3628;
02:54:18;1.4467;
02:54:19;1.3634;
02:54:20;1.491;
02:54:21;1.6038;
02:54:22;1.5619;
02:54:23;1.5009;
02:54:24;1.3975;
02:55:00;1.3716;
02:55:01;1.3677;
02:55:02;1.3603;
02:55:03;1.4743;
02:55:04;1.3198;
02:55:05;1.3641;
02:55:06;1.6259;
02:55:07;1.8866;
02:55:08;1.508;
02:55:09;1.4421;
02:55:10;1.4317;
02:55:11;1.4295;
02:55:12;1.4114;
02:55:13;1.4864;
02:55:14;1.4441;
02:55:16;1.9925;
02:55:17;1.9413;
02:55:18;2.0588;
02:55:19;2.0748;
02:55:20;2.1073;
02:55:21;2.0955;
02:55:22;2.1315;
02:55:23;2.0312;
02:55:24;1.9857;
02:56:01;2.9727;
02:56:02;2.823;
02:56:03;3.9136;
02:56:04;3.017;
02:56:05;2.8409;
02:56:06;2.9609;
02:56:07;2.9105;
02:56:08;2.9078;
02:56:09;2.7569;
02:56:11;3.1167;
02:56:12;3.4035;
02:56:13;3.0856;
02:56:14;3.1999;
02:56:15;3.178;
02:56:16;3.1218;
02:56:17;3.3161;
02:56:18;3.1657;
02:56:19;3.2839;
02:56:20;3.3528;
02:56:21;3.1091;
02:56:22;3.2485;
02:56:23;3.1497;
02:56:24;3.2434;
02:57:00;3.1482;
02:57:01;3.098;
02:57:02;3.3273;
02:57:03;3.1994;
02:57:04;3.093;
02:57:05;3.103;
02:57:06;3.1091;
02:57:07;3.367;
02:57:08;3.1463;
02:57:09;3.1291;
02:57:10;3.0974;
02:57:11;3.0959;
02:57:12;3.2546;
02:57:13;3.1479;
02:57:14;3.0172;
02:57:15;3.0048;
02:57:16;2.9987;
02:57:17;3.3764;
02:57:18;3.1618;
02:57:19;3.1285;
02:57:20;3.1151;
02:57:21;3.1118;
02:57:22;3.5904;
02:57:23;3.387;
02:57:24;3.2569;
02:58:00;3.1091;
02:58:01;3.1141;
02:58:02;3.7242;
02:58:03;3.2868;
02:58:04;3.1312;
02:58:05;3.3595;
02:58:06;3.3474;
02:58:07;4.3701;
02:58:08;3.5086;
02:58:09;3.3186;
02:58:10;3.2183;
02:58:11;3.4833;
02:58:12;3.7079;
02:58:13;3.3287;
02:58:14;3.1669;
02:58:15;3.287;
02:58:16;3.5181;
02:58:17;3.3777;
02:58:18;3.1186;
02:58:19;3.1335;
02:58:20;3.1675;
02:58:21;3.2246;
02:58:22;3.2722;
02:58:23;3.1517;
02:58:24;3.1159;
02:59:00;3.2256;
02:59:01;3.2774;
02:59:02;3.485;
02:59:03;3.2664;
02:59:04;3.1485;
02:59:05;3.2058;
02:59:06;3.3005;
02:59:07;3.2319;
02:59:08;3.1551;
02:59:09;3.4565;
02:59:10;3.2889;
02:59:11;3.6891;
02:59:12;3.3508;
02:59:13;3.2663;
02:59:14;3.239;
02:59:15;3.1736;
02:59:16;3.3158;
02:59:17;3.1424;
02:59:18;3.1433;
02:59:19;4.1403;
02:59:20;3.1082;
02:59:21;3.6062;
02:59:22;3.2618;
02:59:23;3.2053;
02:59:24;3.132;
03:00:00;3.1151;
03:00:01;3.4933;
03:00:02;3.1224;
03:00:03;3.1916;
03:00:04;3.0887;
03:00:05;3.136;
03:00:06;3.5492;
03:00:07;3.2825;
03:00:08;3.3191;
03:00:09;3.2402;
03:00:10;3.2518;
03:00:11;3.5237;
03:00:12;3.3838;
03:00:13;3.2962;
03:00:14;3.4227;
03:00:15;3.4487;
03:00:16;3.263;
03:00:17;3.1137;
03:00:18;3.877;
03:00:19;3.4923;
03:00:20;3.7219;
03:00:21;3.4107;
03:00:22;3.4249;
03:00:23;3.2708;
03:00:24;3.1529;
03:01:00;3.4569;
03:01:01;3.419;
03:01:02;3.2925;
03:01:03;3.1096;
03:01:04;3.1667;
03:01:05;3.4296;
03:01:06;3.1692;
03:01:07;3.127;
03:01:08;3.0087;
03:01:09;2.9929;
03:01:10;3.2679;
03:01:11;3.2038;
03:01:12;3.1468;
03:01:13;3.0981;
03:01:14;3.1397;
03:01:15;3.5331;
03:01:16;3.207;
03:01:17;3.271;
03:01:18;3.1277;
03:01:19;3.1454;
03:01:20;3.538;
03:01:21;3.2956;
03:01:22;3.1463;
03:01:23;3.1539;
03:01:24;3.2415;
03:02:00;3.5418;
03:02:01;3.2336;
03:02:02;3.2912;
03:02:03;3.2625;
03:02:04;3.4702;
03:02:05;3.625;
03:02:06;3.3269;
03:02:07;3.1534;
03:02:08;3.1469;
03:02:09;3.2674;
03:02:10;3.328;
03:02:11;3.1738;
03:02:12;3.1175;
03:02:13;3.2692;
03:02:14;3.3668;
03:02:15;3.4212;
03:02:16;3.1886;
03:02:17;3.1608;
03:02:18;3.1926;
03:02:19;3.1024;
03:02:20;3.4113;
03:02:21;3.2582;
03:02:22;3.1022;
03:02:23;3.1117;
03:02:24;3.392;
03:03:00;3.7585;
03:03:01;3.3507;
03:03:02;3.0343;
03:03:03;3.8801;
03:03:04;3.5051;
03:03:05;3.4519;
03:03:06;3.4585;
03:03:07;3.7619;
03:03:08;3.3015;
03:03:09;3.4784;
03:03:10;3.275;
03:03:11;3.1278;
03:03:12;3.2249;
03:03:13;3.429;
03:03:14;3.3825;
03:03:15;3.2288;
03:03:16;3.1882;
03:03:17;3.0329;
03:03:18;3.2904;
03:03:19;3.309;
03:03:20;3.2586;
03:03:21;3.1016;
03:03:22;3.0895;
03:03:23;3.4512;
03:03:24;3.2584;
03:04:00;3.1652;
03:04:01;3.2396;
03:04:02;3.1956;
03:04:03;3.3193;
03:04:04;3.1362;
03:04:05;3.1466;
03:04:06;3.2149;
03:04:07;3.2256;
03:04:08;3.2315;
03:04:09;3.2118;
03:04:10;3.1722;
03:04:11;3.1888;
03:04:12;3.1028;
03:04:13;3.1384;
03:04:14;3.306;
03:04:15;3.2823;
03:04:16;3.1984;
03:04:17;3.0804;
03:04:18;3.1315;
03:04:19;3.3368;
03:04:20;3.1294;
03:04:21;3.1174;
03:04:22;3.1207;
03:04:23;3.0821;
03:04:24;3.4598;
03:05:00;3.3173;
03:05:01;3.1277;
03:05:02;3.1086;
03:05:03;2.9962;
03:05:04;3.1434;
03:05:05;3.1703;
03:05:06;3.1217;
03:05:07;3.1044;
03:05:08;3.188;
03:05:09;3.2937;
03:05:10;3.7275;
03:05:11;3.2041;
03:05:12;3.0791;
03:05:13;3.208;
03:05:14;3.5924;
03:05:15;3.3961;
03:05:16;3.1823;
03:05:17;3.2114;
03:05:18;3.321;
03:05:19;3.4;
03:05:20;3.1248;
03:05:21;3.2457;
03:05:22;3.4477;
03:05:23;3.4387;
03:05:24;3.2468;
03:06:00;3.1513;
03:06:01;3.2316;
03:06:02;3.6204;
03:06:03;3.4198;
03:06:04;3.3704;
03:06:05;3.1203;
03:06:06;3.0995;
03:06:07;3.2256;
03:06:08;3.4566;
03:06:09;3.1981;
03:06:10;3.0865;
03:06:11;3.1055;
03:06:12;3.137;
03:06:13;3.3315;
03:06:14;3.1949;
03:06:15;3.0886;
03:06:16;3.1291;
03:06:17;3.0637;
03:06:18;3.2223;
03:06:19;3.1147;
03:06:20;3.122;
03:06:21;3.084;
03:06:22;3.0134;
03:06:23;2.996;
03:06:24;3.381;
03:07:00;3.104;
03:07:01;3.1972;
03:07:02;3.1578;
03:07:03;3.0947;
03:07:04;3.1407;
03:07:05;2.9775;
03:07:06;3.2448;
03:07:07;2.9919;
03:07:08;2.9474;
03:07:09;3.4601;
03:07:10;3.24;
03:07:11;3.1374;
03:07:12;3.924;
03:07:13;3.636;
03:07:14;3.2463;
03:07:15;3.26;
03:07:16;3.1944;
03:07:17;3.2523;
03:07:18;3.4152;
03:07:19;3.2987;
03:07:20;3.6776;
03:07:21;3.7042;
03:07:22;3.43;
03:07:23;3.4806;
03:07:24;3.3019;
03:08:00;3.2668;
03:08:01;3.2193;
03:08:02;3.206;
03:08:03;3.416;
03:08:04;3.144;
03:08:05;1.8083;
03:08:06;1.4585;
03:08:07;1.4916;
03:08:08;1.5118;
03:08:09;1.4742;
03:08:10;1.452;
03:08:11;1.7371;
03:08:12;1.5451;
03:08:13;1.5047;
03:08:14;1.5774;
03:08:15;1.5378;
03:08:16;1.5419;
03:08:17;1.5083;
03:08:18;1.5037;
03:08:19;1.5499;
03:08:20;1.5163;
03:08:21;1.58;
03:08:22;1.7129;
03:08:23;1.5762;
03:08:24;1.6009;
03:09:00;1.5126;
03:09:01;1.5152;
03:09:02;1.5023;
03:09:03;1.5225;
03:09:04;1.4681;
03:09:06;2.0038;
03:09:07;1.8938;
03:09:08;1.8851;
03:09:09;1.9664;
03:09:10;1.9118;
03:09:11;1.9687;
03:09:12;1.9278;
03:09:13;1.9954;
03:09:14;2.2186;
03:09:16;2.6399;
03:09:17;2.5528;
03:09:18;2.5177;
03:09:19;2.584;
03:09:20;2.6131;
03:09:21;2.8323;
03:09:22;2.5207;
03:09:23;2.6286;
03:09:24;2.7647;
03:10:01;2.8528;
03:10:02;2.8917;
03:10:03;2.9454;
03:10:04;2.9913;
03:10:05;2.9852;
03:10:06;3.2373;
03:10:07;3.1935;
03:10:08;3.0554;
03:10:09;2.9919;
03:10:10;2.9467;
03:10:11;2.9556;
03:10:12;3.1236;
03:10:13;3.0692;
03:10:14;2.9639;
03:10:15;3.0848;
03:10:16;2.9455;
03:10:17;3.2093;
03:10:18;3.0993;
03:10:19;2.9998;
03:10:20;2.9818;
03:10:21;2.9865;
03:10:22;3.2265;
03:10:23;3.0331;
03:10:24;2.9489;
03:11:00;2.9808;
03:11:01;2.9863;
03:11:02;2.997;
03:11:03;3.2301;
03:11:04;2.9439;
03:11:05;2.9988;
03:11:06;3.0044;
03:11:07;2.988;
03:11:08;3.1005;
03:11:09;2.9452;
03:11:10;3.0029;
03:11:11;2.9529;
03:11:12;2.9833;
03:11:13;3.3864;
03:11:14;2.9981;
03:11:15;2.9664;
03:11:16;2.9941;
03:11:17;3.0002;
03:11:18;3.0484;
03:11:19;3.0482;
03:11:20;2.8814;
03:11:21;2.8785;
03:11:22;2.8938;
03:11:23;3.9535;
03:11:24;3.3146;
03:12:00;3.0561;
03:12:01;3.0696;
03:12:02;3.0144;
03:12:03;3.0566;
03:12:04;3.4408;
03:12:05;2.8302;
03:12:06;2.9858;
03:12:07;2.96;
03:12:08;3.2228;
03:12:09;2.9995;
03:12:10;3.0645;
03:12:11;2.9438;
03:12:12;2.9768;
03:12:13;3.1436;
03:12:14;3.1987;
03:12:15;3.0643;
03:12:16;3.0634;
03:12:17;2.9821;
03:12:18;3.0589;
03:12:19;2.9209;
03:12:20;3.1981;
03:12:21;2.9575;
03:12:22;2.9235;
03:12:23;3.1569;
03:12:24;2.9653;
03:13:00;3.1721;
03:13:01;2.9418;
03:13:02;2.9864;
03:13:03;3.0303;
03:13:04;2.9119;
03:13:05;3.1567;
03:13:06;3.0073;
03:13:07;2.9453;
03:13:08;3.3033;
03:13:09;3.1002;
03:13:10;3.4156;
03:13:11;3.1983;
03:13:12;3.074;
03:13:13;3.0181;
03:13:14;2.9636;
03:13:15;3.0181;
03:13:16;3.1238;
03:13:17;2.9242;
03:13:18;3.1981;
03:13:19;3.0314;
03:13:20;3.1495;
03:13:21;3.4704;
03:13:22;2.9831;
03:13:23;2.9334;
03:13:24;2.8117;
03:14:00;2.8474;
03:14:01;2.9262;
03:14:02;3.0579;
03:14:03;3.0425;
03:14:04;2.9742;
03:14:05;2.9886;
03:14:06;3.0643;
03:14:07;3.16;
03:14:08;3.1111;
03:14:09;2.9415;
03:14:10;3.0317;
03:14:11;3.1127;
03:14:12;3.5378;
03:14:13;2.977;
03:14:14;3.0074;
03:14:15;2.9763;
03:14:16;2.992;
03:14:17;3.1864;
03:14:18;3.294;
03:14:19;5.8869;
03:14:20;5.2456;
03:14:21;3.0447;
03:14:22;2.9216;
03:14:23;3.0057;
03:14:24;3.1189;
03:15:00;3.4626;
03:15:01;3.2601;
03:15:02;3.292;
03:15:03;3.0436;
03:15:04;2.9839;
03:15:05;3.1886;
03:15:06;3.141;
03:15:07;2.9432;
03:15:08;2.9556;
03:15:09;2.9384;
03:15:10;3.104;
03:15:11;2.9914;
03:15:12;2.9492;
03:15:13;2.9532;
03:15:14;2.9623;
03:15:15;3.0397;
03:15:16;3.0841;
03:15:17;2.9506;
03:15:18;2.9744;
03:15:19;2.9803;
03:15:20;3.0968;
03:15:21;3.0888;
03:15:22;3.237;
03:15:23;2.9371;
03:15:24;2.9807;
03:16:00;3.0146;
03:16:01;2.9911;
03:16:02;3.2096;
03:16:03;3.0394;
03:16:04;2.9383;
03:16:05;3.3072;
03:16:06;2.9862;
03:16:07;3.3883;
03:16:08;3.0402;
03:16:09;2.9529;
03:16:10;3.0758;
03:16:11;2.9391;
03:16:12;3.0812;
03:16:13;3.0304;
03:16:14;2.9414;
03:16:15;3.132;
03:16:16;2.9623;
03:16:17;3.1916;
03:16:18;3.057;
03:16:19;3.0248;
03:16:20;2.9606;
03:16:21;2.8691;
03:16:22;2.9947;
03:16:23;3.3491;
03:16:24;3.1335;
03:17:00;3.0351;
03:17:01;3.0478;
03:17:02;2.9362;
03:17:03;3.1673;
03:17:04;2.9151;
03:17:05;3.3817;
03:17:06;3.1395;
03:17:07;3.0793;
03:17:08;2.9967;
03:17:09;2.9708;
03:17:10;3.0861;
03:17:11;3.0687;
03:17:12;2.9394;
03:17:13;3.1902;
03:17:14;3.208;
03:17:15;3.1707;
03:17:16;3.0344;
03:17:17;3.1841;
03:17:18;3.29;
03:17:19;3.0251;
03:17:20;2.9755;
03:17:21;3.1784;
03:17:22;3.0535;
03:17:23;3.1255;
03:17:24;3.2451;
03:18:00;2.9556;
03:18:01;2.9682;
03:18:02;2.9431;
03:18:03;2.9866;
03:18:04;3.266;
03:18:05;2.9268;
03:18:06;2.9415;
03:18:07;2.811;
03:18:08;2.8233;
03:18:09;3.0079;
03:18:10;2.8553;
03:18:11;2.9421;
03:18:12;2.9324;
03:18:13;2.9626;
03:18:14;3.0559;
03:18:15;3.09;
03:18:16;3.0146;
03:18:17;2.9291;
03:18:18;2.9191;
03:18:19;3.0922;
03:18:20;2.9452;
03:18:21;3.0854;
03:18:22;2.9292;
03:18:23;3.3706;
03:18:24;4.696;
03:19:00;3.2683;
03:19:01;3.095;
03:19:02;2.9696;
03:19:03;2.9496;
03:19:04;3.0485;
03:19:05;3.1963;
03:19:06;3.122;
03:19:07;3.1386;
03:19:08;2.9708;
03:19:09;3.1168;
03:19:10;3.2426;
03:19:11;3.0018;
03:19:12;3.3548;
03:19:13;3.0643;
03:19:14;3.1401;
03:19:15;3.1968;
03:19:16;3.0109;
03:19:17;2.9712;
03:19:18;3.1008;
03:19:19;3.3058;
03:19:20;3.5097;
03:19:21;3.2359;
03:19:22;3.052;
03:19:23;3.064;
03:19:24;2.9174;
03:20:00;3.0468;
03:20:01;3.1317;
03:20:02;3.0978;
03:20:03;3.0951;
03:20:04;3.0043;
03:20:05;3.1086;
03:20:06;3.0689;
03:20:07;2.9358;
03:20:08;3.2825;
03:20:09;2.952;
03:20:10;3.0737;
03:20:11;3.1851;
03:20:12;2.9356;
03:20:13;3.2553;
03:20:14;3.093;
03:20:15;3.1451;
03:20:16;3.1943;
03:20:17;2.9124;
03:20:18;3.1691;
03:20:19;2.9079;
03:20:20;3.001;
03:20:21;3.096;
03:20:22;3.0907;
03:20:23;3.0952;
03:20:24;2.9386;
03:21:00;2.9659;
03:21:01;2.9925;
03:21:02;3.1251;
03:21:03;3.0068;
03:21:04;2.9292;
03:21:05;2.9287;
03:21:06;2.9675;
03:21:07;3.1731;
03:21:08;3.0631;
03:21:09;2.9326;
03:21:10;2.9566;
03:21:11;2.8179;
03:21:12;2.8537;
03:21:13;2.9806;
03:21:14;2.8987;
03:21:15;2.9761;
03:21:16;2.9552;
03:21:17;2.9461;
03:21:18;3.2248;
03:21:19;3.0292;
03:21:20;3.1833;
03:21:21;3.1438;
03:21:22;3.169;
03:21:23;3.2017;
03:21:24;3.1549;
03:22:00;2.9131;
03:22:01;2.9455;
03:22:02;2.9508;
03:22:03;3.0538;
03:22:04;3.2738;
03:22:06;3.0121;
03:22:07;3.0273;
03:22:08;2.9619;
03:22:09;3.213;
03:22:10;2.9106;
03:22:11;3.0463;
03:22:12;3.0896;
03:22:13;3.0291;
03:22:14;3.4572;
03:22:15;3.2557;
03:22:16;2.9535;
03:22:17;2.9359;
03:22:18;2.9361;
03:22:19;3.3557;
03:22:20;3.0916;
03:22:21;2.954;
03:22:22;2.9348;
03:22:23;2.9365;
03:22:24;3.1358;
03:23:00;3.1357;
03:23:01;2.9459;
03:23:02;2.9274;
03:23:03;2.9247;
03:23:04;2.906;
03:23:05;3.0758;
03:23:06;3.0901;
03:23:07;3.1209;
03:23:08;3.1363;
03:23:09;3.3446;
03:23:10;3.2466;
03:23:11;3.2906;
03:23:12;3.1566;
03:23:13;3.2003;
03:23:14;3.3027;
03:23:15;3.3253;
03:23:16;3.2939;
03:23:17;3.1733;
03:23:18;3.4408;
03:23:19;3.3707;
03:23:20;3.5298;
03:23:21;3.3462;
03:23:22;3.2117;
03:23:23;3.2588;
03:23:24;3.2121;
03:24:00;3.4117;
03:24:01;3.1996;
03:24:02;3.2871;
03:24:03;3.3014;
03:24:04;3.3434;
03:24:05;3.4577;
03:24:06;3.2042;
03:24:07;3.2364;
03:24:08;3.127;
03:24:09;3.6397;
03:24:10;3.4512;
03:24:11;3.1765;
03:24:12;3.8594;
03:24:13;3.4721;
03:24:14;3.961;
03:24:15;3.7351;
03:24:16;3.2674;
03:24:17;3.2775;
03:24:18;3.2522;
03:24:19;3.4345;
03:24:20;3.4172;
03:24:21;3.4003;
03:24:22;3.1903;
03:24:23;3.2649;
03:24:24;3.4405;
03:25:00;3.4826;
03:25:01;3.236;
03:25:02;3.2357;
03:25:03;3.242;
03:25:04;3.2017;
03:25:05;3.31;
03:25:06;3.3727;
03:25:07;3.1153;
03:25:08;3.382;
03:25:09;3.4587;
03:25:10;3.0954;
03:25:11;3.1718;
03:25:12;3.1431;
03:25:13;3.2471;
03:25:14;3.3129;
03:25:15;3.0961;
03:25:16;3.1074;
03:25:17;3.1494;
03:25:18;3.6252;
03:25:19;3.1651;
03:25:20;3.1101;
03:25:21;3.125;
03:25:22;3.0912;
03:25:23;3.5652;
03:25:24;3.2274;
03:26:00;3.1187;
03:26:01;3.0905;
03:26:02;3.0958;
03:26:03;3.3498;
03:26:04;3.2419;
03:26:06;3.453;
03:26:07;3.7123;
03:26:08;4.3381;
03:26:09;3.5235;
03:26:10;3.7504;
03:26:11;4.4798;
03:26:12;3.8353;
03:26:13;3.8749;
03:26:14;3.9015;
03:26:15;4.109;
03:26:16;3.6366;
03:26:17;3.4753;
03:26:18;3.62;
03:26:19;3.7579;
03:26:20;4.0254;
03:26:21;3.5325;
03:26:22;3.6022;
03:26:23;3.7514;
03:26:24;3.8035;
03:27:00;3.5335;
03:27:01;3.5393;
03:27:02;3.5073;
03:27:03;3.6802;
03:27:04;3.4567;
03:27:05;3.4356;
03:27:06;3.3645;
03:27:07;3.426;
03:27:08;3.9726;
03:27:09;3.5008;
03:27:10;3.7337;
03:27:11;3.8509;
03:27:12;3.641;
03:27:13;3.7204;
03:27:14;3.6053;
03:27:15;3.5337;
03:27:16;3.5588;
03:27:17;3.7774;
03:27:18;3.6893;
03:27:19;3.565;
03:27:20;3.5099;
03:27:21;3.5343;
03:27:22;3.7674;
03:27:23;3.6673;
03:27:24;3.5428;
03:28:00;3.5771;
03:28:01;3.7064;
03:28:02;3.7528;
03:28:03;3.6837;
03:28:04;5.1766;
03:28:05;3.7259;
03:28:06;3.656;
03:28:07;3.5449;
03:28:08;3.5857;
03:28:09;3.6043;
03:28:10;3.8089;
03:28:11;3.8457;
03:28:12;3.6472;
03:28:13;3.7329;
03:28:14;4.2755;
03:28:15;3.7205;
03:28:16;3.566;
03:28:17;3.519;
03:28:18;4.4019;
03:28:19;4.0434;
03:28:20;3.5633;
03:28:21;3.561;
03:28:22;3.7359;
03:28:23;3.9436;
03:28:24;3.5487;
03:29:00;3.5219;
03:29:01;3.7026;
03:29:02;3.6572;
03:29:03;3.5094;
03:29:04;3.5289;
03:29:05;3.5475;
03:29:06;3.6852;
03:29:07;3.6557;
03:29:08;3.4958;
03:29:09;3.605;
03:29:10;3.5561;
03:29:11;3.7309;
03:29:12;3.6808;
03:29:13;3.6658;
03:29:14;3.6718;
03:29:15;3.7876;
03:29:16;3.5385;
03:29:17;3.8109;
03:29:18;3.6657;
03:29:19;3.5247;
03:29:20;3.7004;
03:29:21;3.4667;
03:29:22;3.5135;
03:29:23;3.4819;
03:29:24;3.5356;
03:30:00;3.6265;
03:30:01;3.8077;
03:30:02;3.5877;
03:30:03;3.8304;
03:30:04;3.7946;
03:30:05;3.5403;
03:30:06;3.1113;
03:30:07;3.1762;
03:30:08;3.3589;
03:30:09;3.39;
03:30:10;3.165;
03:30:11;3.1833;
03:30:12;3.2125;
03:30:13;3.2628;
03:30:14;3.3744;
03:30:15;3.3578;
03:30:16;3.5544;
03:30:17;3.301;
03:30:18;3.5672;
03:30:19;3.2894;
03:30:20;3.2237;
03:30:21;3.2165;
03:30:22;3.3195;
03:30:23;3.6972;
03:30:24;3.5316;
03:31:00;3.4319;
03:31:01;3.1929;
03:31:02;3.169;
03:31:03;3.5575;
03:31:04;3.1949;
03:31:05;2.9836;
03:31:06;2.9955;
03:31:07;3.0944;
03:31:08;3.4534;
03:31:09;3.1536;
03:31:10;3.0835;
03:31:11;3.0049;
03:31:12;3.0109;
03:31:13;3.2185;
03:31:14;3.3638;
03:31:15;2.6965;
03:31:16;2.8093;
03:31:17;2.9759;
03:31:18;2.8654;
03:31:19;3.0491;
03:31:20;2.7975;
03:31:21;2.8135;
03:31:22;2.798;
03:31:23;2.8618;
03:31:24;2.9994;
03:32:00;2.8232;
03:32:01;2.8012;
03:32:02;2.9786;
03:32:03;2.8175;
03:32:04;2.8365;
03:32:05;3.0838;
03:32:06;2.8161;
03:32:07;2.8187;
03:32:08;2.8811;
03:32:09;2.8452;
03:32:10;3.0316;
03:32:11;2.9129;
03:32:12;2.8511;
03:32:13;2.8928;
03:32:14;2.8165;
03:32:15;2.8662;
03:32:16;2.9429;
03:32:17;2.841;
03:32:18;2.9144;
03:32:19;2.802;
03:32:20;2.7988;
03:32:21;2.9542;
03:32:22;2.9871;
03:32:23;3.0388;
03:32:24;2.6916;
03:33:00;3.002;
03:33:01;2.833;
03:33:02;3.062;
03:33:03;3.0338;
03:33:04;2.9806;
03:33:05;2.7901;
03:33:06;1.8092;
03:33:07;1.6343;
03:33:08;1.5936;
03:33:09;1.7547;
03:33:10;1.5185;
03:33:11;1.632;
03:33:12;1.4958;
03:33:13;1.5947;
03:33:14;1.8254;
03:33:15;1.7244;
03:33:16;1.5855;
03:33:17;1.4271;
03:33:18;1.823;
03:33:19;1.9697;
03:33:20;1.6518;
03:33:21;1.8218;
03:33:22;1.6507;
03:33:23;1.6604;
03:33:24;1.502;
03:34:00;1.521;
03:34:01;1.5689;
03:34:02;1.5045;
03:34:03;1.777;
03:34:04;1.5648;
03:34:06;3.2929;
03:34:07;3.1289;
03:34:08;3.1504;
03:34:09;3.1533;
03:34:10;3.6514;
03:34:11;3.2075;
03:34:12;3.3727;
03:34:13;3.3657;
03:34:14;3.1238;
03:34:15;3.4603;
03:34:16;3.0074;
03:34:17;3.1212;
03:34:18;3.1317;
03:34:19;3.1537;
03:34:20;3.4467;
03:34:21;3.1629;
03:34:22;3.1235;
03:34:23;3.1285;
03:34:24;3.1563;
03:35:00;3.2956;
03:35:01;3.1153;
03:35:02;3.1007;
03:35:03;3.0902;
03:35:04;3.2164;
03:35:05;3.3175;
03:35:06;3.2378;
03:35:07;3.1003;
03:35:08;3.1156;
03:35:09;3.2308;
03:35:10;3.2534;
03:35:11;3.118;
03:35:12;3.1168;
03:35:13;3.1069;
03:35:14;3.3004;
03:35:15;3.1924;
03:35:16;3.2775;
03:35:17;3.1144;
03:35:18;3.1244;
03:35:19;3.3151;
03:35:20;3.1659;
03:35:21;3.3591;
03:35:22;3.2684;
03:35:23;3.2615;
03:35:24;3.6972;
03:36:00;3.6199;
03:36:01;4.4332;
03:36:02;3.2393;
03:36:03;2.9308;
03:36:04;2.9087;
03:36:06;4.4126;
03:36:07;4.5918;
03:36:08;4.874;
03:36:09;4.5989;
03:36:10;4.6896;
03:36:11;4.6876;
03:36:12;4.7868;
03:36:13;4.6362;
03:36:14;4.5873;
03:36:15;5.0008;
03:36:16;4.6798;
03:36:17;4.714;
03:36:18;5.0373;
03:36:19;4.7117;
03:36:20;4.6742;
03:36:21;4.6277;
03:36:22;4.7126;
03:36:23;4.5557;
03:36:24;4.525;
03:37:00;4.9931;
03:37:01;4.611;
03:37:02;4.5064;
03:37:03;4.5698;
03:37:04;4.7445;
03:37:05;4.721;
03:37:06;4.658;
03:37:07;4.9352;
03:37:08;4.5718;
03:37:09;4.5496;
03:37:10;4.7798;
03:37:11;5.0584;
03:37:12;4.8177;
03:37:13;4.542;
03:37:14;5.2016;
03:37:15;4.6784;
03:37:16;4.5189;
03:37:17;5.7038;
03:37:18;4.7461;
03:37:19;4.5147;
03:37:20;4.9521;
03:37:21;4.7648;
03:37:22;4.7322;
03:37:23;4.7233;
03:37:24;5.0894;
03:38:00;4.6998;
03:38:01;4.5544;
03:38:02;4.654;
03:38:03;4.8056;
03:38:04;4.5297;
03:38:06;6.0815;
03:38:07;6.4104;
03:38:08;9.0174;
03:38:09;6.317;
03:38:10;6.1001;
03:38:11;6.1112;
03:38:12;6.3647;
03:38:13;6.0545;
03:38:14;6.098;
03:38:15;6.4049;
03:38:16;6.3112;
03:38:17;6.802;
03:38:18;6.2605;
03:38:19;7.1715;
03:38:20;6.4429;
03:38:21;6.2777;
03:38:22;6.8093;
03:38:23;6.191;
03:38:24;6.8961;
03:39:00;6.1664;
03:39:01;6.3437;
03:39:02;6.7701;
03:39:03;6.4766;
03:39:04;6.3487;
03:39:05;6.2811;
03:39:06;6.4225;
03:39:07;6.3814;
03:39:08;6.2701;
03:39:09;6.4891;
03:39:10;6.2398;
03:39:11;6.3203;
03:39:12;6.4814;
03:39:13;6.2185;
03:39:14;6.3294;
03:39:15;5.9722;
03:39:16;6.7621;
03:39:17;6.0714;
03:39:18;5.9295;
03:39:19;6.7088;
03:39:20;6.5821;
03:39:21;6.3548;
03:39:22;6.6096;
03:39:23;6.5138;
03:39:24;6.9235;
03:40:00;6.6455;
03:40:01;6.7466;
03:40:02;6.8438;
03:40:03;6.5545;
03:40:04;6.5607;
03:40:05;6.3054;
03:40:06;6.2768;
03:40:07;6.4168;
03:40:08;6.2879;
03:40:09;6.8259;
03:40:10;6.28;
03:40:11;6.2747;
03:40:12;6.3779;
03:40:13;6.2544;
03:40:14;6.4983;
03:40:15;6.5099;
03:40:16;6.6159;
03:40:17;6.4016;
03:40:18;6.6556;
03:40:19;6.4994;
03:40:20;6.1221;
03:40:21;6.0391;
03:40:22;6.1841;
03:40:23;6.2479;
03:40:24;6.5163;
03:41:00;6.5989;
03:41:01;6.2502;
03:41:02;6.5702;
03:41:03;6.7469;
03:41:04;6.2539;
03:41:05;6.8833;
03:41:06;6.302;
03:41:07;6.8466;
03:41:08;6.237;
03:41:09;6.7181;
03:41:10;6.5276;
03:41:11;6.6964;
03:41:12;6.6015;
03:41:13;6.2624;
03:41:14;6.4527;
03:41:15;6.2998;
03:41:16;6.5145;
03:41:17;6.4418;
03:41:18;6.2209;
03:41:19;6.4463;
03:41:20;6.4581;
03:41:21;6.2577;
03:41:22;6.4873;
03:41:23;6.2394;
03:41:24;6.1075;
03:42:00;6.0118;
03:42:01;6.0474;
03:42:02;6.0345;
03:42:03;6.1557;
03:42:04;6.0087;
03:42:05;5.1513;
03:42:06;5.0069;
03:42:07;5.1142;
03:42:08;5.6921;
03:42:09;5.4289;
03:42:10;5.4854;
03:42:11;5.8459;
03:42:12;6.085;
03:42:13;5.4785;
03:42:14;5.6626;
03:42:15;5.3358;
03:42:16;5.3246;
03:42:17;5.6014;
03:42:18;5.5139;
03:42:19;5.4743;
03:42:20;5.5212;
03:42:21;5.2249;
03:42:22;5.2908;
03:42:23;5.6706;
03:42:24;5.2131;
03:43:00;5.2991;
03:43:01;5.5713;
03:43:02;5.4159;
03:43:03;5.3414;
03:43:04;5.4971;
03:43:06;1.6157;
03:43:07;3.2306;
03:43:08;4.2814;
03:43:09;3.2416;
03:43:10;2.8617;
03:43:11;2.7491;
03:43:12;2.9369;
03:43:13;4.24;
03:43:14;2.6484;
03:43:15;3.3638;
03:43:16;2.7713;
03:43:17;2.9451;
03:43:18;2.6372;
03:43:19;3.254;
03:43:20;3.8714;
03:43:21;2.0783;
03:43:22;3.3694;
03:43:23;2.9632;
03:43:24;3.7594;
03:44:00;3.1001;
03:44:01;2.9417;
03:44:02;3.1824;
03:44:03;2.453;
03:44:04;2.7725;
03:44:06;6.6333;
03:44:07;6.2538;
03:44:08;6.5501;
03:44:09;6.3;
03:44:10;6.599;
03:44:12;6.3428;
03:44:13;6.3727;
03:44:14;6.5622;
03:44:15;6.1911;
03:44:16;6.2447;
03:44:17;6.3823;
03:44:18;6.4058;
03:44:19;6.6472;
03:44:20;6.1748;
03:44:21;6.2618;
03:44:22;6.3553;
03:44:23;6.3796;
03:44:24;6.7522;
03:45:00;6.3917;
03:45:01;6.218;
03:45:02;6.3424;
03:45:03;6.3001;
03:45:04;7.1443;
03:45:05;6.523;
03:45:06;6.3589;
03:45:07;6.5371;
03:45:08;6.4359;
03:45:09;6.5599;
03:45:10;6.2194;
03:45:11;6.3444;
03:45:12;6.4019;
03:45:13;6.1948;
03:45:15;7.9274;
03:45:16;8.5768;
03:45:17;8.2811;
03:45:18;8.1743;
03:45:19;8.3654;
03:45:20;8.4104;
03:45:21;8.2451;
03:45:22;8.6528;
03:45:23;7.5622;
03:45:24;8.6793;
03:46:00;8.111;
03:46:01;8.598;
03:46:02;8.3094;
03:46:03;7.6422;
03:46:04;7.9423;
03:46:05;8.0533;
03:46:06;8.0435;
03:46:07;7.9255;
03:46:08;8.375;
03:46:09;8.2258;
03:46:10;8.9484;
03:46:11;8.0489;
03:46:12;8.1726;
03:46:13;8.1774;
03:46:14;8.4621;
03:46:15;8.1932;
03:46:16;8.4942;
03:46:17;8.068;
03:46:18;8.5509;
03:46:19;8.2335;
03:46:20;8.3542;
03:46:21;8.1425;
03:46:22;8.1341;
03:56:05;8.6474;
03:56:06;8.0728;
03:56:07;8.3351;
03:56:08;7.9766;
03:56:09;8.3823;
03:56:10;8.1578;
03:56:11;8.2371;
03:56:12;8.0129;
03:56:13;8.5121;
03:56:14;7.9031;
03:56:15;9.0596;
03:56:16;7.9643;
03:56:17;7.5996;
03:56:18;8.3481;
03:56:19;8.3843;
03:56:20;8.0398;
03:56:21;7.9719;
03:56:22;8.775;
03:56:23;7.8534;
03:56:24;8.0443;
03:57:00;7.8314;
03:57:01;8.1252;
03:57:02;7.8337;
03:57:03;8.0283;
03:57:04;7.7461;
03:57:05;8.1333;
03:57:06;7.8267;
03:57:07;8.1872;
03:57:08;8.4137;
03:57:09;8.3585;
03:57:10;8.2548;
03:57:11;8.2027;
03:57:12;6.1718;
03:57:13;6.7119;
03:57:14;6.2656;
03:57:15;6.1794;
03:57:16;6.3771;
03:57:17;6.5761;
03:57:18;6.4764;
03:57:19;6.2689;
03:57:20;6.4416;
03:57:21;6.854;
03:57:22;6.8032;
03:57:23;6.7202;
03:57:24;6.371;
03:58:00;6.3281;
03:58:01;6.3465;
03:58:02;6.3334;
03:58:03;6.457;
03:58:04;6.3506;
03:58:05;6.2947;
03:58:06;6.3735;
03:58:07;6.4191;
03:58:08;6.4262;
03:58:09;6.5581;
03:58:10;6.4293;
03:58:11;6.4288;
03:58:12;6.4003;
03:58:13;6.3321;
03:58:14;6.7247;
03:58:15;6.5463;
03:58:16;6.6395;
03:58:17;6.3261;
03:58:18;6.3563;
03:58:19;6.4322;
03:58:20;6.3051;
03:58:21;6.9749;
03:58:22;6.3195;
03:58:23;6.4719;
03:58:24;6.6912;
03:59:00;6.277;
03:59:01;7.0726;
03:59:02;6.5613;
03:59:03;6.6432;
03:59:04;6.54;
03:59:05;4.2725;
03:59:06;4.3602;
03:59:07;4.4674;
03:59:08;4.4232;
03:59:09;4.1539;
03:59:10;4.3605;
03:59:11;4.5619;
03:59:12;4.2413;
03:59:13;4.4878;
03:59:14;4.5721;
03:59:15;4.204;
03:59:16;4.3348;
03:59:17;4.4047;
03:59:18;4.4629;
03:59:19;4.2025;
03:59:20;4.3242;
03:59:21;4.369;
03:59:22;4.4948;
03:59:23;4.4555;
03:59:24;4.3834;
04:00:00;4.2849;
04:00:01;4.1893;
04:00:02;4.2777;
04:00:03;4.37;
04:00:04;4.2945;
04:00:05;4.2385;
04:00:07;3.1683;
04:00:08;3.2264;
04:00:09;3.2721;
04:00:10;3.462;
04:00:11;3.9173;
04:00:12;3.1201;
04:00:13;3.4134;
04:00:14;3.1814;
04:00:15;3.2397;
04:00:16;3.5304;
04:00:17;3.7407;
04:00:18;3.3722;
04:00:19;3.4655;
04:00:20;3.4812;
04:00:21;3.1774;
04:00:22;3.2783;
04:00:23;3.1784;
04:00:24;3.3499;
04:01:00;3.4899;
04:01:01;3.282;
04:01:02;3.2201;
04:01:03;3.0574;
04:01:04;3.1802;
04:01:05;3.3004;
04:01:07;6.7198;
04:01:08;7.0259;
04:01:09;7.3477;
04:01:10;7.1808;
04:01:11;6.992;
04:01:12;6.8141;
04:01:13;6.7933;
04:01:14;7.2764;
04:01:15;6.9997;
04:01:16;7.2846;
04:01:17;8.0932;
04:01:18;7.1615;
04:01:19;7.2626;
04:01:20;6.9366;
04:01:21;7.0391;
04:01:22;6.841;
04:01:23;7.2474;
04:01:24;7.04;
04:02:00;7.5491;
04:02:01;8.354;
04:02:02;7.6539;
04:02:03;7.4967;
04:02:04;7.5707;
04:02:05;6.899;
04:02:06;7.0814;
04:02:07;6.7001;
04:02:08;6.9957;
04:02:09;7.1028;
04:02:10;7.0824;
04:02:11;7.2137;
04:02:12;6.5532;
04:02:13;6.8135;
04:02:14;7.0495;
04:02:16;8.8044;
04:02:17;9.3003;
04:02:18;9.0928;
04:02:19;9.2598;
04:02:20;9.635;
04:02:21;9.6209;
04:02:22;9.5659;
04:02:23;9.065;
04:02:24;9.7153;
04:03:00;9.5911;
04:03:01;9.3612;
04:03:02;9.4871;
04:03:03;9.2834;
04:03:04;9.7509;
04:03:05;9.217;
04:03:06;9.251;
04:03:07;9.3185;
04:03:08;9.4632;
04:03:09;9.4294;
04:03:10;9.1737;
04:03:11;9.424;
04:03:12;9.1392;
04:03:13;9.4276;
04:03:14;9.095;
04:03:15;9.1504;
04:03:16;9.2921;
04:03:17;9.4119;
04:03:18;9.7443;
04:03:19;9.3124;
04:03:20;9.7831;
04:03:21;9.4184;
04:03:22;9.1044;
04:03:23;9.2823;
04:13:06;9.5083;
04:13:07;9.2184;
04:13:08;9.04;
04:13:09;9.2954;
04:13:10;9.4857;
04:13:11;9.4524;
04:13:12;9.493;
04:13:13;9.2172;
04:13:14;9.8468;
04:13:15;9.1619;
04:13:16;9.7049;
04:13:17;9.0536;
04:13:18;9.0316;
04:13:19;9.5512;
04:13:20;9.46;
04:13:21;9.6806;
04:13:22;9.2601;
04:13:23;9.2809;
04:13:24;8.8642;
04:14:00;8.882;
04:14:01;9.0503;
04:14:02;8.8349;
04:14:03;9.0079;
04:14:04;9.456;
04:14:05;9.4822;
04:14:06;9.307;
04:14:07;8.9839;
04:14:08;8.9667;
04:14:09;9.633;
04:14:10;9.6722;
04:14:12;8.7724;
04:14:13;6.9422;
04:14:14;7.8676;
04:14:15;6.8336;
04:14:16;7.2063;
04:14:17;7.1381;
04:14:18;7.5621;
04:14:19;7.0727;
04:14:20;6.9479;
04:14:21;7.4186;
04:14:22;6.9077;
04:14:23;7.0637;
04:14:24;6.8409;
04:15:00;7.1444;
04:15:01;7.0096;
04:15:02;7.3731;
04:15:03;6.7631;
04:15:04;7.0907;
04:15:05;7.3909;
04:15:06;6.9484;
04:15:07;7.0312;
04:15:08;6.8799;
04:15:09;7.1698;
04:15:10;7.0749;
04:15:11;7.0964;
04:15:12;7.2637;
04:15:13;8.1093;
04:15:14;7.152;
04:15:15;6.7986;
04:15:16;8.2087;
04:15:17;7.1194;
04:15:18;6.803;
04:15:19;6.9842;
04:15:20;7.8734;
04:15:21;7.2357;
04:15:22;7.1592;
04:15:23;7.1241;
04:15:24;7.302;
04:16:00;8.0264;
04:16:01;7.4779;
04:16:02;7.5261;
04:16:03;7.1566;
04:16:04;7.2652;
04:16:05;7.2394;
04:16:06;4.382;
04:16:07;4.9911;
04:16:08;4.5151;
04:16:09;4.7284;
04:16:10;5.0595;
04:16:11;4.8609;
04:16:12;4.609;
04:16:13;4.7541;
04:16:14;4.7318;
04:16:15;4.5635;
04:16:16;4.6732;
04:16:17;5.2332;
04:16:18;4.6332;
04:16:19;4.749;
04:16:20;5.0697;
04:16:21;4.674;
04:16:22;4.6743;
04:16:23;5.8858;
04:16:24;4.6684;
04:17:00;4.7134;
04:17:01;5.036;
04:17:02;4.8724;
04:17:03;4.3753;
04:17:04;4.6165;
04:17:05;5.3475;
04:17:06;4.5049;
04:17:08;2.516;
04:17:09;3.1246;
04:17:10;2.9105;
04:17:11;3.0988;
04:17:12;3.0244;
04:17:13;2.8392;
04:17:14;2.9319;
04:17:15;2.8128;
04:17:16;2.8565;
04:17:17;2.9739;
04:17:18;2.758;
04:17:19;2.9619;
04:17:20;2.8676;
04:17:21;2.8686;
04:17:22;2.7993;
04:17:23;3.4378;
04:17:24;2.6587;
04:18:00;2.8411;
04:18:01;3.1217;
04:18:02;2.3771;
04:18:03;2.9104;
04:18:04;3.3498;
04:18:05;2.6942;
04:18:06;2.9222;
04:18:09;9.1126;
04:18:11;9.7406;
04:38:24;8.4601;
04:39:00;9.4696;
04:39:11;8.051;
04:39:12;6.7105;
04:39:13;8.4257;
04:39:14;9.4774;
04:39:15;5.7686;
04:39:16;6.3549;
04:39:17;8.2742;
04:39:18;8.8782;
04:39:19;5.2203;
04:39:20;9.3067;
04:39:21;8.7313;
04:40:01;8.7124;
04:40:06;9.39;
04:40:10;9.3764;
04:40:11;9.48;
04:40:16;9.2215;
04:40:21;9.7425;
04:41:05;9.3573;
04:41:15;9.8999;
04:41:20;9.641;
04:43:09;4.9878;
04:43:10;3.8918;
04:43:11;3.5201;
04:43:12;3.8106;
04:43:13;3.0675;
04:43:14;3.247;
04:43:15;3.5611;
04:43:16;2.9646;
04:43:17;3.2527;
04:43:18;3.0994;
04:43:19;3.2523;
04:43:20;2.8843;
04:43:21;3.1539;
04:43:22;3.1232;
04:43:23;3.1758;
04:43:24;3.317;
04:44:00;3.2373;
04:44:01;3.1032;
04:44:02;3.1432;
04:44:03;3.1059;
04:44:04;3.2181;
04:44:05;3.3734;
04:44:06;3.0969;
04:44:08;2.2056;
04:44:09;2.4248;
04:44:10;1.8835;
04:44:11;1.8864;
04:44:12;4.9349;
04:44:13;4.9445;
04:44:14;2.5559;
04:44:15;2.2402;
04:44:16;2.0018;
04:44:17;1.9427;
04:44:18;2.0144;
04:44:19;2.307;
04:44:20;2.2644;
04:44:21;2.4323;
04:44:22;2.0635;
04:44:23;2.0006;
04:44:24;2.1108;
04:45:00;2.0631;
04:45:01;2.1562;
04:45:02;2.09;
04:45:04;1.8037;
04:45:05;1.7614;
04:45:06;1.8681;
04:45:07;1.7907;
04:45:08;1.7834;
04:45:09;1.8391;
04:45:10;1.8509;
04:45:11;1.7555;
04:45:12;1.6916;
04:45:13;1.6828;
04:45:14;2.0247;
04:45:15;1.868;
04:45:16;1.9084;
04:45:17;1.8558;
04:45:18;1.9078;
04:45:19;1.7496;
04:45:20;1.5496;
04:45:21;1.6212;
04:45:22;1.6999;
04:45:23;1.909;
04:45:24;1.7546;
04:46:00;1.8019;
04:46:01;1.6979;
04:46:02;1.821;
04:46:03;1.8227;
04:46:04;1.8069;
04:46:05;1.6996;
04:46:06;1.8021;
04:46:08;3.3405;
04:46:09;3.6448;
04:46:10;3.2711;
04:46:11;3.1729;
04:46:12;3.2146;
04:46:13;3.0125;
04:46:14;3.1567;
04:46:15;3.0314;
04:46:16;3.1205;
04:46:17;3.1037;
04:46:18;2.9575;
04:46:19;3.1642;
04:46:20;2.9182;
04:46:21;2.9547;
04:46:22;3.1741;
04:46:23;3.0401;
04:46:24;3.259;
04:47:00;3.1771;
04:47:01;3.2349;
04:47:02;3.0364;
04:47:03;3.2627;
04:47:04;9.1308;
04:47:05;2.7245;
04:47:06;2.8172;
04:47:07;2.5115;
04:47:08;2.5116;
04:47:09;2.7184;
04:47:10;2.6272;
04:47:11;2.5416;
04:47:12;3.1066;
04:47:13;2.6686;
04:47:14;2.636;
04:47:15;2.7296;
04:47:16;2.7324;
04:47:17;3.0243;
04:47:18;2.9122;
04:47:19;2.6307;
04:47:20;2.6438;
04:47:21;2.6472;
04:47:22;2.4683;
04:47:23;2.9581;
04:47:24;2.9856;
04:48:00;2.6754;
04:48:01;2.496;
04:48:02;2.5089;
04:48:03;2.6959;
04:48:04;2.8633;
04:48:05;2.7431;
04:48:06;2.7823;
04:48:08;3.9623;
04:48:09;4.2123;
04:48:10;4.3575;
04:48:11;3.7155;
04:48:12;3.6979;
04:48:13;4.2946;
04:48:14;4.6184;
04:48:15;4.2733;
04:48:16;4.1733;
04:48:17;4.0052;
04:48:18;4.1901;
04:48:19;4.0147;
04:48:20;3.9968;
04:48:21;3.8409;
04:48:22;3.9678;
04:48:23;3.9329;
04:48:24;3.8752;
04:49:00;3.8506;
04:49:01;3.8591;
04:49:02;4.0792;
04:49:04;3.8518;
04:49:05;3.6748;
04:49:06;3.4482;
04:49:07;3.5015;
04:49:08;3.6672;
04:49:09;3.3971;
04:49:10;3.4249;
04:49:11;3.4046;
04:49:12;3.6496;
04:49:13;3.6457;
04:49:14;3.3693;
04:49:15;3.3382;
04:49:16;3.3545;
04:49:17;3.694;
04:49:18;3.6143;
04:49:19;3.6021;
04:49:20;3.3912;
04:49:21;3.6003;
04:49:22;3.4168;
04:49:23;3.3894;
04:49:24;3.4077;
04:50:00;3.3816;
04:50:01;3.5163;
04:50:02;3.426;
04:50:03;3.4846;
04:50:04;3.3382;
04:50:05;3.4801;
04:50:06;3.5454;
04:50:08;5.2369;
04:50:09;4.8798;
04:50:10;5.0264;
04:50:11;4.8847;
04:50:12;4.7957;
04:50:13;5.2357;
04:50:14;4.9904;
04:50:15;5.1877;
04:50:16;4.6676;
04:50:17;5.0443;
04:50:18;4.6932;
04:50:19;4.6606;
04:50:20;4.8559;
04:50:21;4.6065;
04:50:22;4.6886;
04:50:23;4.7357;
04:50:24;4.8832;
04:51:00;4.8762;
04:51:01;4.6332;
04:51:02;5.1269;
04:51:03;4.692;
04:51:05;4.4057;
04:51:06;4.243;
04:51:07;4.6383;
04:51:08;4.197;
04:51:09;4.2864;
04:51:10;4.1815;
04:51:11;4.3858;
04:51:12;4.5314;
04:51:13;4.2641;
04:51:14;4.2343;
04:51:15;4.4531;
04:51:16;4.2916;
04:51:17;4.4572;
04:51:18;4.4255;
04:51:19;4.2008;
04:51:20;4.2268;
04:51:21;4.1778;
04:51:22;4.4615;
04:51:23;4.2119;
04:51:24;4.2033;
04:52:00;4.3192;
04:52:01;4.7612;
04:52:02;4.548;
04:52:03;4.5255;
04:52:04;4.7917;
04:52:05;4.2695;
04:52:06;4.2277;
04:52:07;4.2892;
04:52:08;7.1073;
04:52:09;4.7347;
04:52:10;4.0539;
04:52:11;4.2349;
04:52:12;4.4493;
04:52:13;4.1981;
04:52:14;4.4364;
04:52:15;4.8434;
04:52:16;4.2032;
04:52:17;4.4801;
04:52:18;4.4858;
04:52:19;4.1802;
04:52:20;4.4394;
04:52:21;4.3403;
04:52:22;4.3612;
04:52:23;4.1791;
04:52:24;4.3393;
04:53:00;4.1851;
04:53:01;4.4778;
04:53:02;4.6274;
04:53:03;4.374;
04:53:04;4.3721;
04:53:05;4.2671;
04:53:06;4.2662;
04:53:07;4.482;
04:53:08;4.3546;
04:53:09;4.2193;
04:53:10;4.2959;
04:53:11;4.2858;
04:53:12;4.3935;
04:53:13;4.3085;
04:53:14;4.2096;
04:53:15;4.1986;
04:53:16;4.4393;
04:53:17;4.6183;
04:53:18;4.1761;
04:53:19;4.3726;
04:53:20;4.8168;
04:53:21;4.8353;
04:53:22;4.6486;
04:53:23;4.7862;
04:53:24;4.5407;
04:54:00;4.5263;
04:54:01;4.8018;
04:54:02;4.5448;
04:54:03;4.3371;
04:54:04;4.2535;
04:54:05;4.404;
04:54:06;4.3798;
04:54:07;4.2698;
04:54:08;4.2305;
04:54:09;4.662;
04:54:10;4.4794;
04:54:11;4.5774;
04:54:12;4.0564;
04:54:13;4.2621;
04:54:14;4.0568;
04:54:15;3.9799;
04:54:16;4.8341;
04:54:17;4.0837;
04:54:18;4.1849;
04:54:19;4.1909;
04:54:20;4.3756;
04:54:21;4.2733;
04:54:22;4.1772;
04:54:23;4.1846;
04:54:24;4.3992;
04:55:00;4.1899;
04:55:01;4.3851;
04:55:02;4.2117;
04:55:03;4.3498;
04:55:04;4.2254;
04:55:05;4.2523;
04:55:06;4.372;
04:55:07;4.4391;
04:55:08;4.1732;
04:55:09;4.3457;
04:55:10;4.5845;
04:55:11;4.4679;
04:55:12;4.5324;
04:55:13;4.5231;
04:55:14;4.9152;
04:55:15;4.3594;
04:55:16;4.5196;
04:55:17;4.6498;
04:55:18;4.3131;
04:55:19;4.45;
04:55:20;4.4082;
04:55:21;4.9103;
04:55:22;4.4753;
04:55:23;4.5569;
04:55:24;4.1345;
04:56:00;4.4461;
04:56:01;4.4767;
04:56:02;4.1133;
04:56:03;4.1732;
04:56:04;4.0201;
04:56:05;4.0771;
04:56:06;3.991;
04:56:07;4.1459;
04:56:08;3.9708;
04:56:09;4.0662;
04:56:10;4.2813;
04:56:11;4.3959;
04:56:12;4.2038;
04:56:13;4.0063;
04:56:14;3.8831;
04:56:15;4.0234;
04:56:16;4.4526;
04:56:17;4.2616;
04:56:18;3.8682;
04:56:19;4.0399;
04:56:20;3.9212;
04:56:21;4.2664;
04:56:22;4.1724;
04:56:23;4.3253;
04:56:24;4.1088;
04:57:00;3.8926;
04:57:01;4.248;
04:57:02;4.1218;
04:57:03;4.2481;
04:57:04;3.9111;
04:57:05;4.1779;
04:57:06;4.3462;
04:57:08;2.084;
04:57:09;1.7618;
04:57:10;2.0039;
04:57:11;1.975;
04:57:12;1.7427;
04:57:13;1.8573;
04:57:14;1.536;
04:57:15;1.5619;
04:57:16;1.5044;
04:57:17;1.5253;
04:57:18;1.5283;
04:57:19;1.5389;
04:57:20;1.6206;
04:57:21;1.5225;
04:57:22;1.9555;
04:57:23;2.0657;
04:57:24;1.9963;
04:58:00;1.6632;
04:58:01;1.5439;
04:58:02;1.5544;
04:58:03;1.5901;
04:58:04;1.5429;
04:58:05;1.8972;
04:58:06;1.7894;
04:58:07;1.6617;
04:58:08;1.5183;
04:58:09;1.5669;
04:58:10;1.58;
04:58:11;1.5553;
04:58:12;1.5829;
04:58:13;1.5229;
04:58:14;1.5579;
04:58:15;1.6935;
04:58:16;1.6166;
04:58:17;1.7603;
04:58:18;1.5083;
04:58:19;1.511;
04:58:20;1.5952;
04:58:21;1.5146;
04:58:22;1.5749;
04:58:23;1.5526;
04:58:24;1.7202;
04:59:00;1.5789;
04:59:01;1.5306;
04:59:02;1.6983;
04:59:03;1.489;
04:59:04;1.5461;
04:59:05;1.5802;
04:59:06;1.5459;
04:59:08;2.713;
04:59:09;3.1212;
04:59:10;2.6861;
04:59:11;2.2856;
04:59:12;2.4264;
04:59:13;2.4519;
04:59:14;2.3714;
04:59:15;2.7893;
04:59:16;2.4856;
04:59:17;2.4679;
04:59:18;2.5887;
04:59:19;2.6288;
04:59:20;2.5355;
04:59:21;2.471;
04:59:22;2.6154;
04:59:23;2.4766;
04:59:24;2.4936;
05:00:00;2.6583;
05:00:01;2.4122;
05:00:02;2.5291;
05:00:03;2.7092;
05:00:04;2.5432;
05:00:05;2.8394;
05:00:06;2.7636;
05:00:08;3.2409;
05:00:09;3.0931;
05:00:10;3.1899;
05:00:11;3.0666;
05:00:12;3.0923;
05:00:13;3.8802;
05:00:14;3.6527;
05:00:15;3.333;
05:00:16;3.208;
05:00:17;3.0961;
05:00:18;3.5039;
05:00:19;3.0743;
05:00:20;3.0551;
05:00:21;3.1323;
05:00:22;3.1082;
05:00:23;3.5061;
05:00:24;3.2401;
05:01:00;3.1319;
05:01:01;3.1046;
05:01:02;3.1008;
05:01:03;4.1326;
05:01:04;2.9177;
05:01:05;3.0985;
05:01:06;3.1075;
05:01:07;3.1074;
05:01:08;3.417;
05:01:09;3.1153;
05:01:10;3.1527;
05:01:11;3.1237;
05:01:12;3.1198;
05:01:13;3.2661;
05:01:14;3.1772;
05:01:15;3.0669;
05:01:16;3.1297;
05:01:17;3.2499;
05:01:18;3.3163;
05:01:19;3.1075;
05:01:20;3.1043;
05:01:21;3.0706;
05:01:22;3.3151;
05:01:23;3.2836;
05:01:24;3.3004;
05:02:00;3.3676;
05:02:01;3.4127;
05:02:02;3.2069;
05:02:03;3.3024;
05:02:04;3.3737;
05:02:05;3.1403;
05:02:06;3.219;
05:02:08;3.458;
05:02:09;3.7472;
05:02:10;4.2574;
05:02:11;3.744;
05:02:12;3.7027;
05:02:13;3.6962;
05:02:14;3.6932;
05:02:15;3.8872;
05:02:16;4.1539;
05:02:17;3.8895;
05:02:18;3.7417;
05:02:19;3.9862;
05:02:20;4.0286;
05:02:21;3.8591;
05:02:22;3.699;
05:02:23;3.8619;
05:02:24;4.0002;
05:03:00;3.8711;
05:03:01;3.8003;
05:03:02;3.9928;
05:03:03;3.603;
05:03:04;3.8107;
05:03:05;3.9229;
05:03:06;3.9608;
05:03:07;3.8652;
05:03:08;3.643;
05:03:09;3.9369;
05:03:10;3.9572;
05:03:11;4.185;
05:03:12;3.939;
05:03:13;3.8794;
05:03:14;3.8205;
05:03:15;4.0062;
05:03:16;3.7622;
05:03:17;3.7695;
05:03:18;3.9523;
05:03:20;5.492;
05:03:21;5.1407;
05:03:22;4.8913;
05:03:23;5.1886;
05:03:24;5.0357;
05:04:00;4.955;
05:04:01;4.942;
05:04:02;5.1533;
05:04:03;4.9677;
05:04:04;4.9521;
05:04:05;5.0437;
05:04:06;5.1559;
05:04:07;4.9941;
05:04:08;5.3059;
05:04:09;5.2761;
05:04:10;4.9701;
05:04:11;5.0056;
05:04:12;5.1427;
05:04:13;4.9148;
05:04:14;5.0094;
05:04:15;5.2358;
05:04:16;4.9879;
05:04:17;5.1818;
05:04:18;5.4652;
05:04:19;5.2188;
05:04:20;5.0568;
05:04:21;5.1334;
05:04:22;5.0387;
05:04:23;4.9746;
05:04:24;5.0617;
05:05:00;5.4325;
05:05:01;5.1946;
05:05:02;5.0223;
05:05:03;4.9963;
05:05:04;4.899;
05:05:05;5.1386;
05:05:06;4.8659;
05:05:07;4.942;
05:05:08;5.0413;
05:05:09;5.1572;
05:05:10;5.1947;
05:05:11;4.9196;
05:05:12;5.1416;
05:05:13;5.0901;
05:05:14;4.9415;
05:05:15;5.1592;
05:05:16;5.1738;
05:05:17;4.994;
05:05:18;5.31;
05:05:19;5.5275;
05:05:20;5.0093;
05:05:21;4.9866;
05:05:22;5.1782;
05:05:23;5.2676;
05:05:24;4.9185;
05:06:00;5.2212;
05:06:01;5.0158;
05:06:02;4.9774;
05:06:03;5.0632;
05:06:04;5.1136;
05:06:05;5.0883;
05:06:06;5.2285;
05:06:07;5.1027;
05:06:08;5.3212;
05:06:09;5.2395;
05:06:10;5.1344;
05:06:11;5.0542;
05:06:12;5.2095;
05:06:13;5.447;
05:06:14;5.2466;
05:06:15;5.4274;
05:06:16;5.4162;
05:06:17;5.1875;
05:06:18;5.5329;
05:06:19;5.2856;
05:06:20;5.182;
05:06:21;5.2108;
05:06:22;5.3575;
05:06:23;6.333;
05:06:24;5.0738;
05:07:00;5.014;
05:07:01;4.9415;
05:07:02;5.3728;
05:07:03;5.2885;
05:07:04;5.1584;
05:07:05;5.0923;
05:07:06;5.2218;
05:07:07;4.8493;
05:07:08;2.314;
05:07:09;2.1049;
05:07:10;2.0155;
05:07:11;2.1287;
05:07:12;2.1385;
05:07:13;1.9946;
05:07:14;2.0133;
05:07:15;1.987;
05:07:16;1.9748;
05:07:17;2.1551;
05:07:18;1.9797;
05:07:19;3.3614;
05:07:20;2.1074;
05:07:21;1.9987;
05:07:22;2.1366;
05:07:23;2.06;
05:07:24;2.0155;
05:08:00;1.985;
05:08:01;2.1418;
05:08:02;2.2982;
05:08:03;2.1377;
05:08:04;1.999;
05:08:05;1.9999;
05:08:06;1.971;
05:08:07;2.1487;
05:08:08;2.1005;
05:08:09;2.1586;
05:08:10;2.0755;
05:08:11;1.9408;
05:08:12;2.0588;
05:08:13;1.9361;
05:08:14;2.1335;
05:08:15;1.9926;
05:08:16;2.0383;
05:08:17;2.4007;
05:08:18;1.9093;
05:08:19;1.9295;
05:08:20;1.8986;
05:08:21;1.9214;
05:08:22;2.1673;
05:08:23;1.9685;
05:08:24;2.0284;
05:09:00;2.2039;
05:09:01;2.0035;
05:09:02;2.0966;
05:09:03;2.0919;
05:09:04;2.3247;
05:09:05;2.1223;
05:09:06;2.0435;
05:09:08;6.201;
05:09:09;5.1343;
05:09:10;4.9676;
05:09:11;4.3916;
05:09:12;3.8134;
05:09:13;3.8835;
05:09:14;3.8445;
05:09:15;3.8811;
05:09:16;3.6831;
05:09:17;3.8075;
05:09:18;3.9389;
05:09:19;3.8159;
05:09:20;3.7056;
05:09:21;3.6534;
05:09:22;3.6618;
05:09:23;3.6958;
05:09:24;3.6815;
05:10:00;3.684;
05:10:01;4.3557;
05:10:02;3.615;
05:10:03;3.6516;
05:10:04;3.6668;
05:10:05;3.9795;
05:10:06;4.0668;
05:10:07;3.958;
05:10:08;3.6389;
05:10:09;3.9642;
05:10:10;3.8232;
05:10:11;3.8815;
05:10:12;3.6736;
05:10:13;3.6459;
05:10:14;4.3146;
05:10:15;4.0397;
05:10:16;3.76;
05:10:17;3.645;
05:10:18;4.1594;
05:10:19;3.7498;
05:10:20;3.68;
05:10:21;3.9135;
05:10:22;3.9239;
05:10:23;3.7595;
05:10:24;3.6724;
05:11:00;3.6627;
05:11:01;3.9268;
05:11:02;3.6552;
05:11:03;3.708;
05:11:04;3.6709;
05:11:05;3.7184;
05:11:06;4.0634;
05:11:08;4.332;
05:11:09;4.7446;
05:11:10;4.6829;
05:11:11;4.642;
05:11:12;4.454;
05:11:13;4.5954;
05:11:14;4.5739;
05:11:15;4.6926;
05:11:16;5.2018;
05:11:17;4.4114;
05:11:18;4.428;
05:11:19;4.7189;
05:11:20;4.3855;
05:11:21;4.7705;
05:11:22;4.7395;
05:11:23;4.7229;
05:11:24;4.7669;
05:12:00;4.7726;
05:12:01;4.8798;
05:12:02;4.6293;
05:12:03;4.4828;
05:12:04;4.8053;
05:12:05;4.8501;
05:12:06;4.4816;
05:12:07;4.5095;
05:12:08;4.6246;
05:12:09;4.7779;
05:12:10;4.4757;
05:12:11;4.8433;
05:12:12;4.8571;
05:12:13;4.4757;
05:12:14;4.4767;
05:12:15;4.7065;
05:12:16;4.756;
05:12:17;4.4136;
05:12:18;4.5521;
05:12:19;4.7941;
05:12:20;4.4285;
05:12:21;4.6079;
05:12:22;4.8382;
05:12:23;4.5941;
05:12:24;4.5033;
05:13:00;4.464;
05:13:01;4.7224;
05:13:02;4.2953;
05:13:03;4.3348;
05:13:04;4.3982;
05:13:05;4.4275;
05:13:06;4.8235;
05:13:08;5.2221;
05:13:09;5.2829;
05:13:10;5.3364;
05:13:11;5.2934;
05:13:12;5.069;
05:13:13;5.0118;
05:13:14;5.0586;
05:13:15;5.2983;
05:13:16;5.33;
05:13:17;5.2311;
05:13:18;5.2624;
05:13:19;5.4098;
05:13:20;5.5472;
05:13:21;5.5509;
05:13:22;5.3682;
05:13:23;5.2323;
05:13:24;5.419;
05:14:00;5.6851;
05:14:01;5.5451;
05:14:02;5.2885;
05:14:03;5.4216;
05:14:04;5.2834;
05:14:05;5.4586;
05:14:06;5.2886;
05:14:07;5.008;
05:14:08;5.1124;
05:14:09;5.8614;
05:14:10;5.7284;
05:14:11;5.5797;
05:14:12;5.7238;
05:14:13;5.844;
05:14:14;5.4183;
05:14:15;6.642;
05:14:16;5.5855;
05:14:17;5.3719;
05:14:18;5.618;
05:14:19;5.3047;
05:14:20;5.5361;
05:14:21;5.4578;
05:14:22;5.2122;
05:14:23;5.2027;
05:14:24;5.3461;
05:15:00;5.3925;
05:15:01;5.1865;
05:15:02;5.3787;
05:15:03;6.6618;
05:15:04;5.1835;
05:15:05;5.5464;
05:15:06;5.5342;
05:15:08;4.8352;
05:15:09;5.2795;
05:15:10;5.4238;
05:15:11;5.1863;
05:15:12;5.2779;
05:15:13;5.2493;
05:15:14;5.211;
05:15:15;5.4405;
05:15:16;5.2798;
05:15:17;5.1778;
05:15:18;5.1924;
05:15:19;5.2924;
05:15:20;5.4447;
05:15:21;6.0522;
05:15:22;5.3255;
05:15:23;5.6534;
05:15:24;5.6046;
05:16:00;6.696;
05:16:01;5.5008;
05:16:02;5.5105;
05:16:03;5.5829;
05:16:04;5.6395;
05:16:05;5.4804;
05:16:06;5.5317;
05:16:07;5.2926;
05:16:08;5.4393;
05:16:09;5.3064;
05:16:10;5.366;
05:16:11;5.4419;
05:16:12;5.3008;
05:16:13;5.2932;
05:16:14;5.6116;
05:16:15;5.9522;
05:16:16;5.5853;
05:16:17;5.4104;
05:16:18;5.2061;
05:16:19;5.4675;
05:16:20;5.6543;
05:16:21;5.2867;
05:16:22;5.1882;
05:16:23;5.4452;
05:16:24;5.5445;
05:17:00;5.5565;
05:17:01;5.5573;
05:17:02;5.4749;
05:17:03;5.197;
05:17:04;5.7304;
05:17:05;5.2235;
05:17:06;5.2152;
05:17:07;4.9462;
05:17:08;4.7709;
05:17:09;4.6434;
05:17:10;4.4439;
05:17:11;5.0726;
05:17:12;4.4278;
05:17:13;4.5039;
05:17:14;4.9542;
05:17:15;4.5303;
05:17:16;4.3706;
05:17:17;4.5712;
05:17:18;4.7594;
05:17:19;4.7022;
05:17:20;4.5011;
05:17:21;4.6852;
05:17:22;4.5605;
05:17:23;4.4442;
05:17:24;4.9536;
05:18:00;4.8897;
05:18:01;4.456;
05:18:02;4.5697;
05:18:03;4.6213;
05:18:04;4.6783;
05:18:05;4.4467;
05:18:06;4.5265;
05:18:07;4.5431;
05:18:08;4.4698;
05:18:09;4.7933;
05:18:10;4.4925;
05:18:11;4.6982;
05:18:12;4.435;
05:18:13;4.5353;
05:18:14;4.8549;
05:18:15;4.7387;
05:18:16;4.5552;
05:18:17;4.3546;
05:18:18;4.5599;
05:18:19;4.6227;
05:18:20;4.2155;
05:18:21;4.5821;
05:18:22;4.4506;
05:18:23;4.2959;
05:18:24;4.1906;
05:19:00;5.2608;
05:19:01;4.7257;
05:19:02;4.5618;
05:19:03;4.7169;
05:19:04;5.0772;
05:19:05;4.4062;
05:19:06;4.38;
05:19:07;3.9928;
05:19:08;3.7274;
05:19:09;3.6439;
05:19:10;3.5842;
05:19:11;3.8353;
05:19:12;3.7114;
05:19:13;3.6286;
05:19:14;3.8367;
05:19:15;3.9812;
05:19:16;3.8822;
05:19:17;3.682;
05:19:18;3.5961;
05:19:19;3.8409;
05:19:20;4.0011;
05:19:21;3.7707;
05:19:22;3.6124;
05:19:23;3.6146;
05:19:24;3.9436;
05:20:00;3.7351;
05:20:01;3.6312;
05:20:02;3.5821;
05:20:03;4.0681;
05:20:04;3.6547;
05:20:05;3.6483;
05:20:06;3.6018;
05:20:07;3.5825;
05:20:08;4.0099;
05:20:09;3.9399;
05:20:10;3.6608;
05:20:11;3.6144;
05:20:12;3.8477;
05:20:13;3.7337;
05:20:14;3.5746;
05:20:15;3.6057;
05:20:16;3.8742;
05:20:17;3.8972;
05:20:18;3.8818;
05:20:19;3.6629;
05:20:20;3.6397;
05:20:21;4.2035;
05:20:22;3.8824;
05:20:23;3.5412;
05:20:24;3.6608;
05:21:00;4.0976;
05:21:01;4.1094;
05:21:02;3.6469;
05:21:03;3.8698;
05:21:04;3.9672;
05:21:05;3.6051;
05:21:06;3.647;
05:21:08;5.8123;
05:21:09;5.5991;
05:21:10;5.6539;
05:21:11;5.7062;
05:21:12;5.6254;
05:21:13;5.5963;
05:21:14;5.7719;
05:21:15;5.4628;
05:21:16;5.5617;
05:21:17;5.6758;
05:21:18;5.4806;
05:21:19;5.5311;
05:21:20;5.6446;
05:21:21;5.6183;
05:21:22;5.5133;
05:21:23;5.6299;
05:21:24;5.6002;
05:22:00;5.395;
05:22:01;5.3827;
05:22:02;5.4412;
05:22:03;5.5179;
05:22:04;5.8169;
05:22:05;5.5889;
05:22:06;5.6064;
05:22:07;6.2168;
05:22:08;5.3046;
05:22:09;5.9825;
05:22:10;5.9649;
05:22:11;5.5895;
05:22:12;6.1348;
05:22:13;5.6486;
05:22:14;5.7658;
05:22:15;7.2844;
05:22:16;5.5018;
05:22:17;5.7604;
05:22:18;5.4927;
05:22:19;5.4801;
05:22:20;5.8454;
05:22:21;5.647;
05:22:22;5.4822;
05:22:23;5.6908;
05:22:24;5.59;
05:23:00;5.4816;
05:23:01;5.6806;
05:23:02;5.5008;
05:23:03;5.6074;
05:23:04;5.4308;
05:23:05;5.2889;
05:23:06;5.3428;
05:23:07;5.6265;
05:23:08;5.7144;
05:23:09;5.5898;
05:23:10;5.674;
05:23:11;5.5232;
05:23:12;5.6263;
05:23:13;5.7347;
05:23:14;5.7145;
05:23:15;5.4219;
05:23:16;5.734;
05:23:17;5.8352;
05:23:18;6.004;
05:23:19;5.5487;
05:23:20;5.6736;
05:23:21;6.075;
05:23:22;5.4586;
05:23:23;5.6812;
05:23:24;5.6411;
05:24:00;5.65;
05:24:01;5.5696;
05:24:02;5.672;
05:24:03;5.5788;
05:24:04;5.5547;
05:24:05;5.6007;
05:24:06;5.5727;
05:24:07;5.4159;
05:24:08;5.6808;
05:24:09;5.5976;
05:24:10;5.4688;
05:24:11;5.9603;
05:24:12;5.3993;
05:24:13;5.7137;
05:24:14;5.7458;
05:24:15;5.5848;
05:24:16;5.74;
05:24:17;5.6548;
05:24:18;5.5406;
05:24:19;5.8328;
05:24:20;5.6041;
05:24:21;5.5155;
05:24:22;5.8228;
05:24:23;5.5613;
05:24:24;5.532;
05:25:00;5.6554;
05:25:01;5.6156;
05:25:02;5.7194;
05:25:03;6.0021;
05:25:04;5.6516;
05:25:06;7.4989;
05:25:07;7.1173;
05:25:08;6.8969;
05:25:09;6.938;
05:25:10;6.9336;
05:25:11;6.8475;
05:25:12;7.3018;
05:25:13;7.1753;
05:25:14;7.1254;
05:25:15;7.1058;
05:25:16;7.3858;
05:25:17;7.1629;
05:25:18;7.4929;
05:25:19;7.1669;
05:25:20;7.2023;
05:25:21;7.1668;
05:25:22;7.34;
05:25:23;7.1149;
05:25:24;7.4108;
05:26:00;7.7168;
05:26:01;7.7664;
05:26:02;7.9235;
05:26:03;7.5657;
05:26:04;7.4129;
05:26:05;7.229;
05:26:06;7.4778;
05:26:07;7.2798;
05:27:08;9.8296;
05:27:11;9.8867;
05:28:00;9.8014;
05:28:05;9.9986;
05:28:15;9.973;
05:28:17;9.9483;
05:28:23;9.6726;
05:29:00;9.9511;
05:29:17;9.5851;
05:29:24;9.6114;
05:30:13;9.7115;
05:31:00;9.8899;
05:31:05;9.8759;
05:36:22;9.861;
05:38:00;9.9278;
05:38:02;9.8467;
05:38:08;9.7929;
05:38:11;9.9918;
05:38:15;9.8582;
05:38:24;9.9377;
05:41:02;9.856;
05:41:05;9.9483;
05:41:06;9.9657;
05:41:14;9.9701;
05:42:14;9.8951;
05:42:16;9.7518;
05:42:17;9.8883;
05:42:19;9.8917;
05:42:20;9.9348;
05:42:21;9.7482;
05:42:24;9.9259;
05:43:00;9.9687;
05:43:04;9.6226;
05:43:05;9.9605;
05:43:06;9.8112;
05:43:07;9.6902;
05:43:08;9.8952;
05:43:09;9.6717;
05:43:10;9.8752;
05:43:11;9.8659;
05:43:12;9.728;
05:43:13;9.9816;
05:43:14;9.5227;
05:43:15;9.7987;
05:43:16;9.8095;
05:43:17;9.2956;
05:43:19;9.3254;
05:43:20;9.3822;
05:44:00;9.523;
05:44:01;9.6336;
05:44:02;9.7299;
05:44:03;9.7286;
05:44:04;9.7598;
05:44:05;9.5493;
05:44:07;9.9947;
05:44:10;9.8178;
05:45:03;9.7525;
05:45:07;9.8935;
05:45:08;9.9944;
05:45:10;9.9881;
05:45:11;9.7248;
05:45:15;9.9496;
05:45:18;9.8965;
05:45:20;9.8524;
05:45:21;9.5951;
05:45:23;9.8278;
05:46:01;9.9215;
05:46:04;9.9351;
05:46:09;9.8615;
05:46:10;9.9804;
05:46:11;9.8888;
05:46:13;4.8225;
05:46:14;4.9482;
05:46:15;4.8944;
05:46:16;4.817;
05:46:17;5.0434;
05:46:18;4.9935;
05:46:19;4.8794;
05:46:20;5.0025;
05:46:21;4.9664;
05:46:22;4.8428;
05:46:23;4.8749;
05:46:24;5.0939;
05:47:00;4.7786;
05:47:01;4.8461;
05:47:02;5.1317;
05:47:03;4.8829;
05:47:04;4.8586;
05:47:05;5.4046;
05:47:06;4.887;
05:47:07;4.8509;
05:47:08;5.0729;
05:47:09;5.085;
05:47:10;4.8863;
05:47:11;5.1083;
05:47:12;5.1004;
05:47:13;4.8732;
05:47:14;4.8536;
05:47:15;5.2438;
05:47:16;4.791;
05:47:17;4.8739;
05:47:18;5.0623;
05:47:19;5.1607;
05:47:20;4.5885;
05:47:21;5.0221;
05:47:22;5.3321;
05:47:23;4.8725;
05:47:24;5.2306;
05:48:00;5.2696;
05:48:01;4.8435;
05:48:02;5.2635;
05:48:03;4.9115;
05:48:04;4.8499;
05:48:05;4.9364;
05:48:06;5.1686;
05:48:07;4.9298;
05:48:08;4.9025;
05:48:09;4.8607;
05:48:10;5.0014;
05:48:11;5.0732;
05:48:12;4.9547;
05:48:13;4.9973;
05:48:14;5.0447;
05:48:15;4.9567;
05:48:16;5.1014;
05:48:17;4.8083;
05:48:18;4.9873;
05:48:19;5.0615;
05:48:20;4.826;
05:48:21;4.868;
05:48:22;4.9007;
05:48:23;5.1216;
05:48:24;4.91;
05:49:00;4.9081;
05:49:01;5.039;
05:49:02;4.927;
05:49:03;4.8865;
05:49:04;5.2547;
05:49:05;4.8875;
05:49:06;4.867;
